filename,width,height,class,xmin,ymin,xmax,ymax
Brand397.jpg,4096,2304,kurkure,1181,664,1553,783
Brand397.jpg,4096,2304,tooyumm,1924,249,2619,592
Brand397.jpg,4096,2304,tooyumm,2000,811,2605,1078
Brand397.jpg,4096,2304,Lays,3210,616,3691,1107
Brand013.jpg,4000,2000,kurkure,1340,302,1527,815
Brand284.jpg,3456,4608,Lays,1221,2585,1571,3007
Brand284.jpg,3456,4608,Lays,2157,3014,2464,3414
Brand284.jpg,3456,4608,kurkure,1457,3593,1657,3735
Brand284.jpg,3456,4608,Lays,764,3335,1221,3643
Brand284.jpg,3456,4608,kurkure,299,2721,521,3014
Brand284.jpg,3456,4608,tooyumm,771,2450,1049,2735
Brand284.jpg,3456,4608,kurkure,1685,2685,1842,2950
Brand284.jpg,3456,4608,tooyumm,2378,2785,2571,2971
Brand284.jpg,3456,4608,tooyumm,1835,2135,2135,2393
Brand284.jpg,3456,4608,Lays,1542,1743,1864,1935
Brand284.jpg,3456,4608,Lays,1035,2100,1485,2385
Brand284.jpg,3456,4608,kurkure,557,1843,899,2164
Brand284.jpg,3456,4608,kurkure,442,2214,699,2464
Brand144.jpg,3456,4608,Bisleri,907,4028,2142,4514
Brand262.jpg,4000,3000,Lays,1827,929,2136,1102
Brand262.jpg,4000,3000,Lays,2245,984,2568,1206
Brand262.jpg,4000,3000,Lays,2550,429,2804,679
Brand262.jpg,4000,3000,tooyumm,2586,774,2777,984
Brand262.jpg,4000,3000,Bisleri,1904,511,2181,724
Brand262.jpg,4000,3000,Coca-Cola,2836,1165,2936,1320
Brand262.jpg,4000,3000,Bisleri,2031,1220,2181,1429
Brand262.jpg,4000,3000,Lays,1468,1093,1763,1356
Brand262.jpg,4000,3000,Bisleri,2618,1584,2786,1888
Brand262.jpg,4000,3000,Coca-Cola,2050,1893,2368,2011
Brand262.jpg,4000,3000,kurkure,2459,1902,2618,2143
Brand262.jpg,4000,3000,tooyumm,1681,1974,1809,2129
Brand262.jpg,4000,3000,kurkure,1959,2447,2154,2579
Brand262.jpg,4000,3000,tooyumm,1450,1779,1577,1929
Brand262.jpg,4000,3000,pepsi,1040,1393,1163,1606
Brand007.jpg,4000,2000,pepsi,1131,1161,1631,1515
Brand322.jpg,4608,3456,Bisleri,2077,2009,2593,2272
Brand322.jpg,4608,3456,Bisleri,3003,683,3377,1072
Brand322.jpg,4608,3456,Bisleri,2841,1,3135,462
Brand322.jpg,4608,3456,Bisleri,1419,1351,1656,1641
Brand322.jpg,4608,3456,pepsi,1393,335,1719,793
Brand322.jpg,4608,3456,pepsi,1535,1956,2050,2209
Brand322.jpg,4608,3456,Coca-Cola,2893,1662,3450,2051
Brand322.jpg,4608,3456,Coca-Cola,2208,893,2566,1051
Brand057.jpg,4000,3000,Lays,1413,1334,2531,2215
Brand403.jpg,4096,2304,kurkure,1362,1483,1796,1697
Brand403.jpg,4096,2304,tooyumm,2396,1026,2848,1645
Brand151.jpg,3456,4608,Bisleri,421,757,2178,2164
Brand151.jpg,3456,4608,Bisleri,1857,335,3135,1064
Brand296.jpg,4608,3456,Bisleri,2119,1625,2440,2125
Brand296.jpg,4608,3456,Bisleri,2619,878,2961,1035
Brand296.jpg,4608,3456,Bisleri,3403,2414,3750,2735
Brand296.jpg,4608,3456,Bisleri,4061,2113,4608,2467
Brand296.jpg,4608,3456,Coca-Cola,2487,2362,2719,2951
Brand296.jpg,4608,3456,Coca-Cola,3314,1672,3540,1941
Brand296.jpg,4608,3456,pepsi,3571,709,3961,1067
Brand296.jpg,4608,3456,pepsi,2103,1078,2356,1562
Brand011.jpg,4000,2000,kurkure,1240,674,1718,1747
Brand024.jpg,4000,3000,Lays,1536,1293,2322,2188
Brand333.jpg,648,1152,Lays,258,482,351,577
Brand359.jpg,4096,2304,tooyumm,1867,1573,2577,1997
Brand033.jpg,4000,3000,Lays,1536,1406,2490,2156
Brand092.jpg,4000,3000,Lays,1881,524,2450,1020
Brand092.jpg,4000,3000,kurkure,2277,1652,2581,2343
Brand092.jpg,4000,3000,tooyumm,1200,1615,1918,2102
Brand103.jpg,4000,2000,tooyumm,2240,452,2463,861
Brand103.jpg,4000,2000,tooyumm,704,220,1068,506
Brand103.jpg,4000,2000,tooyumm,1481,215,1718,534
Brand103.jpg,4000,2000,Lays,2945,588,3377,1011
Brand103.jpg,4000,2000,Lays,1259,1452,1654,1902
Brand103.jpg,4000,2000,Lays,945,734,1195,979
Brand103.jpg,4000,2000,Lays,1518,652,1636,811
Brand103.jpg,4000,2000,kurkure,2518,1038,2686,1156
Brand103.jpg,4000,2000,kurkure,304,861,631,1097
Brand103.jpg,4000,2000,kurkure,736,1465,890,1706
Brand009.jpg,4000,2000,kurkure,1100,474,1531,1461
Brand115.jpg,4000,2000,Coca-Cola,1145,1206,1668,1802
Brand115.jpg,4000,2000,pepsi,1586,579,1840,879
Brand115.jpg,4000,2000,pepsi,800,84,1227,334
Brand421.jpg,4096,2304,Lays,704,1340,1210,1764
Brand421.jpg,4096,2304,tooyumm,1543,730,1996,1126
Brand421.jpg,4096,2304,kurkure,2634,1411,2929,1564
Brand421.jpg,4096,2304,Lays,3191,1049,3648,1549
Brand345.jpg,648,1152,Lays,225,525,287,606
Brand285.jpg,3456,4608,Coca-Cola,981,1,1142,314
Brand285.jpg,3456,4608,Bisleri,1585,1,1864,300
Brand285.jpg,3456,4608,Bisleri,2042,1,2361,200
Brand285.jpg,3456,4608,kurkure,728,2378,857,2550
Brand285.jpg,3456,4608,Lays,942,2935,1285,3243
Brand285.jpg,3456,4608,Lays,799,1850,1085,2164
Brand285.jpg,3456,4608,Lays,1364,2285,1721,2500
Brand285.jpg,3456,4608,kurkure,1399,1485,1614,1685
Brand285.jpg,3456,4608,kurkure,1807,1614,2085,1821
Brand285.jpg,3456,4608,kurkure,2042,1693,2285,1957
Brand285.jpg,3456,4608,Lays,2157,2528,2349,2778
Brand285.jpg,3456,4608,Lays,1778,2135,2049,2435
Brand285.jpg,3456,4608,tooyumm,1292,3143,1457,3328
Brand285.jpg,3456,4608,tooyumm,1764,2721,1971,2964
Brand348.jpg,2304,4096,tooyumm,489,1645,933,2370
Brand074.jpg,4000,3000,kurkure,2104,1406,2586,1574
Brand074.jpg,4000,3000,kurkure,1768,1484,2040,1670
Brand074.jpg,4000,3000,Lays,2690,1220,2900,1438
Brand074.jpg,4000,3000,Lays,2713,643,3172,956
Brand074.jpg,4000,3000,Lays,1718,979,1913,1147
Brand060.jpg,4000,3000,Lays,1586,1929,2104,2265
Brand060.jpg,4000,3000,Lays,1640,283,2144,838
Brand060.jpg,4000,3000,Lays,2213,1084,2836,1688
Brand060.jpg,4000,3000,Lays,2300,2347,2922,2838
Brand294.jpg,4608,3456,Bisleri,2593,888,2903,1151
Brand294.jpg,4608,3456,Bisleri,3293,2467,3777,2709
Brand294.jpg,4608,3456,Bisleri,4071,2193,4556,2499
Brand294.jpg,4608,3456,Bisleri,2087,1730,2456,2193
Brand294.jpg,4608,3456,pepsi,2108,1167,2356,1578
Brand294.jpg,4608,3456,pepsi,3524,814,3914,1141
Brand294.jpg,4608,3456,Coca-Cola,3308,1730,3487,2020
Brand294.jpg,4608,3456,Coca-Cola,2466,2499,2745,3004
Brand145.jpg,3456,4608,Bisleri,564,1671,1349,3585
Brand145.jpg,3456,4608,Bisleri,992,364,2128,1528
Brand374.jpg,2304,4096,tooyumm,589,1420,1058,1713
Brand256.jpg,4608,3456,Lays,3387,1751,3850,2414
Brand256.jpg,4608,3456,Coca-Cola,3498,920,3877,1756
Brand305.jpg,4608,3456,Bisleri,2124,1793,2482,2214
Brand305.jpg,4608,3456,Bisleri,3393,2514,3756,2841
Brand305.jpg,4608,3456,Bisleri,4040,2272,4593,2572
Brand305.jpg,4608,3456,Bisleri,2629,993,3008,1262
Brand305.jpg,4608,3456,pepsi,2140,1256,2387,1656
Brand305.jpg,4608,3456,pepsi,3550,925,3950,1241
Brand305.jpg,4608,3456,Coca-Cola,2487,2456,2714,3067
Brand305.jpg,4608,3456,Coca-Cola,3303,1809,3529,2120
Brand088.jpg,4000,3000,tooyumm,1413,1870,2109,2252
Brand088.jpg,4000,3000,Lays,2208,961,2818,1338
Brand178.jpg,4000,2000,tooyumm,1736,1529,1895,1856
Brand178.jpg,4000,2000,tooyumm,1527,1220,1681,1388
Brand178.jpg,4000,2000,kurkure,1913,393,2086,493
Brand178.jpg,4000,2000,Lays,1945,1488,2072,1661
Brand178.jpg,4000,2000,Lays,1818,506,1945,820
Brand255.jpg,4608,3456,Lays,3393,1788,3882,2378
Brand255.jpg,4608,3456,Coca-Cola,3440,820,3798,1772
Brand055.jpg,4000,2000,kurkure,768,1306,968,1652
Brand055.jpg,4000,2000,kurkure,1644,1098,2049,1916
Brand055.jpg,4000,2000,kurkure,1622,334,1977,1006
Brand081.jpg,4000,2000,tooyumm,1704,584,1986,970
Brand081.jpg,4000,2000,tooyumm,172,1156,586,1415
Brand081.jpg,4000,2000,Lays,2140,1161,2690,1570
Brand081.jpg,4000,2000,Lays,1404,1138,1536,1229
Brand081.jpg,4000,2000,kurkure,963,715,1450,911
Brand081.jpg,4000,2000,kurkure,1686,1338,2081,1533
Brand188.jpg,4000,2000,Lays,527,547,1277,1029
Brand188.jpg,4000,2000,tooyumm,1009,1315,1277,1561
Brand188.jpg,4000,2000,Coca-Cola,1477,1656,1859,1924
Brand188.jpg,4000,2000,Bisleri,2018,456,2459,1056
Brand188.jpg,4000,2000,Bisleri,3750,1375,4000,1643
Brand188.jpg,4000,2000,pepsi,3522,734,3700,888
Brand100.jpg,4000,3000,Lays,200,1311,650,1684
Brand100.jpg,4000,3000,Lays,781,1365,850,1511
Brand100.jpg,4000,3000,kurkure,913,1302,1159,1415
Brand100.jpg,4000,3000,kurkure,3363,1520,3968,1970
Brand100.jpg,4000,3000,kurkure,2895,770,3100,1024
Brand100.jpg,4000,3000,Lays,2613,1588,2977,1938
Brand100.jpg,4000,3000,Lays,2104,634,2495,1047
Brand100.jpg,4000,3000,tooyumm,1922,1843,2186,2347
Brand100.jpg,4000,3000,tooyumm,2859,2311,3336,2774
Brand100.jpg,4000,3000,tooyumm,795,1656,1159,2102
Brand185.jpg,4000,2000,Lays,572,688,1200,1152
Brand185.jpg,4000,2000,tooyumm,1427,1261,1690,1470
Brand185.jpg,4000,2000,kurkure,2663,1447,2931,1656
Brand185.jpg,4000,2000,Coca-Cola,1700,702,1959,965
Brand185.jpg,4000,2000,Lays,2513,420,3054,1056
Brand086.jpg,4000,3000,tooyumm,1254,938,1736,1479
Brand086.jpg,4000,3000,kurkure,1881,1356,2140,1520
Brand086.jpg,4000,3000,Lays,2409,1402,2950,1874
Brand077.jpg,4000,2000,Lays,1531,1370,2018,1884
Brand077.jpg,4000,2000,Lays,1313,1497,1409,1620
Brand077.jpg,4000,2000,Lays,1245,870,1372,1015
Brand077.jpg,4000,2000,kurkure,1863,852,2068,1011
Brand077.jpg,4000,2000,kurkure,1527,1043,1731,1115
Brand368.jpg,2304,4096,Bisleri,745,582,1139,1001
Brand368.jpg,2304,4096,tooyumm,833,2932,1270,3163
Brand368.jpg,2304,4096,tooyumm,1651,2876,2276,3213
Brand191.jpg,4608,3456,tooyumm,1887,1841,2135,2146
Brand191.jpg,4608,3456,Lays,3424,2914,3540,3046
Brand335.jpg,648,1152,Lays,275,520,330,608
Brand063.jpg,4000,3000,Lays,1150,2161,1704,2652
Brand063.jpg,4000,3000,Lays,1800,1152,2327,1715
Brand063.jpg,4000,3000,Lays,2663,1520,3150,1956
Brand063.jpg,4000,3000,Lays,2695,424,3272,1020
Brand317.jpg,4608,3456,Lays,2503,1930,2919,2362
Brand317.jpg,4608,3456,Lays,966,1914,1393,2178
Brand317.jpg,4608,3456,Lays,1277,1378,1608,1741
Brand317.jpg,4608,3456,Lays,1624,2872,2019,3278
Brand317.jpg,4608,3456,tooyumm,829,2662,1224,2893
Brand317.jpg,4608,3456,tooyumm,2135,2804,2371,3093
Brand317.jpg,4608,3456,kurkure,2661,2978,2956,3151
Brand317.jpg,4608,3456,kurkure,1482,2441,1798,2599
Brand317.jpg,4608,3456,kurkure,2261,1672,2435,1830
Brand317.jpg,4608,3456,kurkure,2135,3246,2461,3430
Brand194.jpg,4608,3456,tooyumm,4277,2962,4571,3230
Brand194.jpg,4608,3456,Bisleri,1371,1430,1656,2046
Brand194.jpg,4608,3456,pepsi,2161,951,2456,1172
Brand194.jpg,4608,3456,Bisleri,2508,2120,2782,2504
Brand194.jpg,4608,3456,Coca-Cola,2840,1325,3298,1720
Brand194.jpg,4608,3456,tooyumm,3477,1151,3808,1393
Brand194.jpg,4608,3456,kurkure,382,2178,619,2325
Brand194.jpg,4608,3456,Lays,1698,1146,1845,1251
Brand367.jpg,2304,4096,Bisleri,670,526,1020,957
Brand367.jpg,2304,4096,tooyumm,201,2520,439,2845
Brand367.jpg,2304,4096,tooyumm,1639,2838,2195,3163
Brand028.jpg,4000,2000,kurkure,1100,1111,1450,1279
Brand028.jpg,4000,2000,kurkure,1259,197,1604,856
Brand028.jpg,4000,2000,kurkure,1809,979,2304,1524
Brand118.jpg,4608,3456,Coca-Cola,2861,1056,3203,1962
Brand067.jpg,4000,3000,Lays,1190,2165,1645,2734
Brand067.jpg,4000,3000,Lays,2395,1179,2768,1629
Brand067.jpg,4000,3000,Lays,1445,393,1950,888
Brand067.jpg,4000,3000,kurkure,1204,1384,1454,1897
Brand360.jpg,4096,2304,tooyumm,842,1192,1343,1892
Brand149.jpg,3456,4608,Bisleri,2971,2978,3428,4028
Brand044.jpg,4000,3000,Lays,604,1111,1113,1524
Brand044.jpg,4000,3000,Lays,1431,1097,1895,1574
Brand044.jpg,4000,3000,Lays,2181,1052,2604,1356
Brand044.jpg,4000,3000,Lays,2804,879,3368,1324
Brand344.jpg,648,1152,Lays,284,558,410,673
Brand189.jpg,4000,2000,tooyumm,1422,1488,1613,1865
Brand189.jpg,4000,2000,Lays,1650,1170,1804,1429
Brand189.jpg,4000,2000,kurkure,1600,370,2163,643
Brand189.jpg,4000,2000,Lays,2018,1234,2213,1438
Brand189.jpg,4000,2000,Coca-Cola,2336,879,2509,1306
Brand213.jpg,4608,3456,Bisleri,914,3051,1424,3346
Brand213.jpg,4608,3456,Bisleri,1950,1709,2519,2051
Brand213.jpg,4608,3456,Lays,3261,1372,3914,1867
Brand213.jpg,4608,3456,kurkure,2303,2593,2582,3030
Brand061.jpg,4000,3000,Lays,1731,1038,2354,1556
Brand061.jpg,4000,3000,Lays,2886,1129,3500,1720
Brand061.jpg,4000,3000,Lays,2413,1984,2886,2461
Brand061.jpg,4000,3000,Lays,850,1561,1322,2088
Brand371.jpg,2304,4096,tooyumm,520,2438,1420,2857
Brand373.jpg,2304,4096,tooyumm,76,3082,270,3395
Brand318.jpg,4608,3456,Bisleri,887,1872,1214,2272
Brand318.jpg,4608,3456,Bisleri,1440,504,1898,904
Brand318.jpg,4608,3456,Bisleri,1261,2541,1650,3051
Brand318.jpg,4608,3456,Coca-Cola,661,967,1198,1188
Brand318.jpg,4608,3456,Coca-Cola,1666,1809,1956,2014
Brand318.jpg,4608,3456,pepsi,2582,2051,2935,2430
Brand318.jpg,4608,3456,pepsi,2061,514,2498,825
Brand318.jpg,4608,3456,Bisleri,2519,1067,2771,1388
Brand415.jpg,4096,2304,kurkure,1596,483,1834,840
Brand415.jpg,4096,2304,Lays,2077,1245,2762,1792
Brand415.jpg,4096,2304,tooyumm,3105,540,3724,759
Brand094.jpg,4000,2000,kurkure,1463,1629,1595,1834
Brand094.jpg,4000,2000,tooyumm,1763,888,2090,1052
Brand094.jpg,4000,2000,Lays,1968,1234,2550,1770
Brand300.jpg,4608,3456,pepsi,2150,1241,2371,1672
Brand300.jpg,4608,3456,pepsi,3556,930,3971,1246
Brand300.jpg,4608,3456,Coca-Cola,2498,2499,2724,3078
Brand300.jpg,4608,3456,Coca-Cola,3356,1814,3519,2114
Brand300.jpg,4608,3456,Bisleri,3366,2567,3782,2935
Brand300.jpg,4608,3456,Bisleri,4093,2300,4608,2635
Brand300.jpg,4608,3456,Bisleri,2619,999,2956,1204
Brand300.jpg,4608,3456,Bisleri,2124,1762,2435,2267
Brand153.jpg,4000,3000,pepsi,1754,1088,2277,1538
Brand153.jpg,4000,3000,pepsi,2859,1761,3340,2152
Brand203.jpg,4608,3456,kurkure,971,2378,1182,2551
Brand203.jpg,4608,3456,Bisleri,2098,1441,2387,2162
Brand203.jpg,4608,3456,Lays,2408,1067,2587,1183
Brand203.jpg,4608,3456,Lays,1532,1,2056,504
Brand203.jpg,4608,3456,pepsi,2956,746,3319,1046
Brand203.jpg,4608,3456,kurkure,3950,1709,4166,1951
Brand203.jpg,4608,3456,Coca-Cola,3866,1162,4308,1514
Brand203.jpg,4608,3456,Bisleri,3477,2199,3787,2688
Brand131.jpg,4608,3456,Bisleri,2329,1783,3040,2851
Brand131.jpg,4608,3456,Bisleri,2382,478,2956,1630
Brand049.jpg,4000,2000,kurkure,1931,1074,2081,1329
Brand049.jpg,4000,2000,kurkure,2063,1347,2472,1924
Brand346.jpg,2304,4096,tooyumm,745,1470,1495,1957
Brand257.jpg,4608,3456,kurkure,3319,2556,4067,3456
Brand311.jpg,4608,3456,Lays,1693,2120,2050,2530
Brand311.jpg,4608,3456,Lays,3003,1541,3466,1809
Brand311.jpg,4608,3456,Lays,3177,2820,3635,3230
Brand311.jpg,4608,3456,Lays,1982,2714,2271,3067
Brand311.jpg,4608,3456,tooyumm,1661,2683,1845,2830
Brand311.jpg,4608,3456,tooyumm,3456,2551,3771,2709
Brand311.jpg,4608,3456,tooyumm,2477,3362,2725,3456
Brand311.jpg,4608,3456,kurkure,2571,1667,2766,1767
Brand311.jpg,4608,3456,kurkure,2719,2667,3024,2920
Brand311.jpg,4608,3456,kurkure,3819,3125,4182,3388
Brand311.jpg,4608,3456,kurkure,3866,2651,4071,2962
Brand311.jpg,4608,3456,kurkure,3940,2056,4145,2378
Brand066.jpg,4000,3000,Lays,1722,2029,2213,2602
Brand066.jpg,4000,3000,Lays,263,1424,722,1929
Brand066.jpg,4000,3000,Lays,2059,1097,2409,1484
Brand066.jpg,4000,3000,Lays,2068,129,2577,556
Brand066.jpg,4000,3000,kurkure,1218,497,1650,906
Brand174.jpg,3456,4608,tooyumm,1321,678,1949,1443
Brand174.jpg,3456,4608,tooyumm,278,643,978,1185
Brand174.jpg,3456,4608,Lays,1807,2343,2628,3107
Brand174.jpg,3456,4608,kurkure,1664,3507,1992,3893
Brand174.jpg,3456,4608,Lays,278,1707,428,2028
Brand174.jpg,3456,4608,kurkure,2714,1771,2928,2107
Brand174.jpg,3456,4608,Lays,2264,1,2459,271
Brand270.jpg,4000,3000,Bisleri,640,420,822,756
Brand270.jpg,4000,3000,kurkure,1177,2479,1327,2543
Brand270.jpg,4000,3000,Coca-Cola,1822,2634,1895,2865
Brand270.jpg,4000,3000,Coca-Cola,2063,2411,2286,2779
Brand270.jpg,4000,3000,Lays,2490,2115,2859,2479
Brand270.jpg,4000,3000,tooyumm,2831,1943,3009,2088
Brand270.jpg,4000,3000,Lays,2195,1043,2645,1306
Brand270.jpg,4000,3000,Lays,1881,1315,2150,1652
Brand270.jpg,4000,3000,kurkure,2154,1620,2336,1847
Brand270.jpg,4000,3000,Bisleri,1240,1847,1513,2174
Brand270.jpg,4000,3000,Lays,1263,2193,1609,2538
Brand270.jpg,4000,3000,kurkure,1159,1474,1290,1706
Brand270.jpg,4000,3000,Bisleri,1009,943,1177,1256
Brand270.jpg,4000,3000,kurkure,1372,806,1645,1020
Brand270.jpg,4000,3000,kurkure,1731,679,1995,1002
Brand270.jpg,4000,3000,Lays,2463,638,2745,797
Brand270.jpg,4000,3000,tooyumm,1890,1915,1995,2020
Brand270.jpg,4000,3000,Bisleri,1645,1088,1868,1306
Brand270.jpg,4000,3000,kurkure,2295,488,2377,615
Brand106.jpg,4000,2000,tooyumm,1554,1061,1877,1352
Brand106.jpg,4000,2000,tooyumm,1245,147,1468,465
Brand106.jpg,4000,2000,tooyumm,1681,502,1886,902
Brand106.jpg,4000,2000,kurkure,872,1470,1036,1629
Brand106.jpg,4000,2000,kurkure,763,1093,936,1352
Brand106.jpg,4000,2000,Lays,909,779,1127,988
Brand106.jpg,4000,2000,Lays,1304,670,1400,806
Brand106.jpg,4000,2000,Lays,1209,1429,1459,1729
Brand106.jpg,4000,2000,Lays,2377,1406,2472,1515
Brand106.jpg,4000,2000,Bisleri,2240,461,2586,784
Brand106.jpg,4000,2000,Bisleri,563,674,800,911
Brand204.jpg,4000,2000,Coca-Cola,750,1493,1140,1652
Brand204.jpg,4000,2000,tooyumm,836,543,1390,888
Brand204.jpg,4000,2000,Bisleri,1527,106,2300,488
Brand204.jpg,4000,2000,kurkure,2386,688,2609,893
Brand204.jpg,4000,2000,Lays,2331,1038,2540,1206
Brand204.jpg,4000,2000,Lays,1872,1647,2050,1861
Brand406.jpg,4096,2304,tooyumm,14,1302,857,1640
Brand406.jpg,4096,2304,tooyumm,2500,1264,3067,1792
Brand406.jpg,4096,2304,kurkure,1372,1397,1772,1635
Brand406.jpg,4096,2304,Lays,3405,1007,3962,1530
Brand125.jpg,4608,3456,Coca-Cola,2745,1288,2940,1693
Brand357.jpg,4096,2304,tooyumm,690,288,1367,659
Brand321.jpg,4000,3000,Lays,1304,974,1872,1611
Brand321.jpg,4000,3000,tooyumm,1463,2561,1722,2811
Brand321.jpg,4000,3000,tooyumm,2977,2061,3345,2506
Brand321.jpg,4000,3000,kurkure,3131,893,3513,1515
Brand321.jpg,4000,3000,kurkure,3818,1818,4000,2470
Brand321.jpg,4000,3000,kurkure,477,1765,622,1984
Brand157.jpg,3456,4608,Bisleri,1857,2521,2421,3128
Brand157.jpg,3456,4608,Bisleri,2949,1231,3456,2035
Brand157.jpg,3456,4608,Coca-Cola,2407,35,2785,535
Brand091.jpg,4000,3000,kurkure,2400,1352,2713,2138
Brand091.jpg,4000,3000,tooyumm,1227,1370,1909,1979
Brand091.jpg,4000,3000,Lays,1936,270,2418,761
Brand401.jpg,4096,2304,kurkure,1434,1464,1819,1702
Brand401.jpg,4096,2304,tooyumm,2338,1649,3019,1954
Brand401.jpg,4096,2304,Lays,3310,954,3729,1416
Brand401.jpg,4096,2304,tooyumm,2000,145,2434,669
Brand343.jpg,648,1152,kurkure,285,385,342,433
Brand087.jpg,4000,2000,kurkure,1677,1161,1927,1324
Brand087.jpg,4000,2000,tooyumm,1509,370,1836,934
Brand087.jpg,4000,2000,Lays,2077,1052,2640,1661
Brand152.jpg,4000,3000,pepsi,1440,1029,2381,1788
Brand152.jpg,4000,3000,pepsi,2777,1734,3481,2538
Brand361.jpg,4096,2304,tooyumm,1619,702,2096,1497
Brand361.jpg,4096,2304,tooyumm,3519,426,3929,1278
Brand288.jpg,4000,3000,Lays,1254,2429,1736,2729
Brand288.jpg,4000,3000,Lays,1740,1556,2195,2079
Brand288.jpg,4000,3000,Lays,1459,929,1859,1388
Brand288.jpg,4000,3000,Lays,1813,265,2300,584
Brand288.jpg,4000,3000,Lays,527,774,872,1193
Brand288.jpg,4000,3000,tooyumm,413,1324,654,1479
Brand288.jpg,4000,3000,tooyumm,863,1915,1345,2065
Brand288.jpg,4000,3000,tooyumm,2140,1193,2481,1515
Brand288.jpg,4000,3000,kurkure,2509,1897,2981,2229
Brand288.jpg,4000,3000,kurkure,2663,1493,2990,1793
Brand288.jpg,4000,3000,kurkure,2768,834,2972,1106
Brand288.jpg,4000,3000,kurkure,1095,1047,1290,1284
Brand288.jpg,4000,3000,kurkure,2254,2720,2300,2888
Brand260.jpg,4000,2000,kurkure,1954,474,2140,597
Brand260.jpg,4000,2000,Coca-Cola,2636,874,2836,1170
Brand260.jpg,4000,2000,tooyumm,1822,1324,2018,1506
Brand260.jpg,4000,2000,Bisleri,1486,1324,1818,1506
Brand260.jpg,4000,2000,Bisleri,1250,956,1463,1156
Brand260.jpg,4000,2000,tooyumm,822,1511,977,1674
Brand260.jpg,4000,2000,kurkure,2004,1411,2118,1529
Brand410.jpg,4096,2304,Lays,1958,1249,2600,1802
Brand410.jpg,4096,2304,kurkure,1004,178,1396,259
Brand410.jpg,4096,2304,tooyumm,2829,864,3272,1140
Brand339.jpg,648,1152,Bisleri,261,521,323,628
Brand156.jpg,3456,4608,Bisleri,1599,2057,2171,3185
Brand156.jpg,3456,4608,Bisleri,1214,4250,1942,4600
Brand156.jpg,3456,4608,Bisleri,1599,1235,2021,2043
Brand156.jpg,3456,4608,pepsi,2185,757,2621,1243
Brand156.jpg,3456,4608,pepsi,2057,85,2578,585
Brand156.jpg,3456,4608,Coca-Cola,399,1757,792,2121
Brand018.jpg,4000,2000,kurkure,1045,524,1240,920
Brand325.jpg,4000,3000,Lays,1613,1443,2131,2097
Brand325.jpg,4000,3000,Lays,340,1188,1190,1765
Brand325.jpg,4000,3000,tooyumm,3322,1434,3777,2106
Brand325.jpg,4000,3000,kurkure,2472,170,2872,829
Brand263.jpg,4000,3000,Lays,890,952,1118,1243
Brand263.jpg,4000,3000,tooyumm,1213,974,1468,1147
Brand263.jpg,4000,3000,Bisleri,2068,743,2395,938
Brand263.jpg,4000,3000,kurkure,2450,856,2731,1015
Brand263.jpg,4000,3000,kurkure,3154,1279,3272,1424
Brand263.jpg,4000,3000,Coca-Cola,1581,706,1818,811
Brand263.jpg,4000,3000,Lays,1454,1129,1768,1429
Brand263.jpg,4000,3000,Coca-Cola,2481,1215,2663,1479
Brand263.jpg,4000,3000,tooyumm,2609,1729,2868,1870
Brand263.jpg,4000,3000,Lays,1518,1620,1709,1879
Brand263.jpg,4000,3000,Bisleri,1081,1606,1277,1911
Brand263.jpg,4000,3000,Lays,1731,1965,2045,2197
Brand263.jpg,4000,3000,kurkure,2081,1602,2209,1806
Brand263.jpg,4000,3000,tooyumm,2586,2156,2731,2297
Brand263.jpg,4000,3000,Bisleri,1804,1456,2050,1638
Brand263.jpg,4000,3000,pepsi,2140,2552,2450,2702
Brand108.jpg,4000,3000,Bisleri,2409,511,2718,947
Brand108.jpg,4000,3000,Bisleri,1295,1165,1677,1643
Brand108.jpg,4000,3000,Bisleri,1822,1570,2254,2106
Brand108.jpg,4000,3000,Bisleri,2586,1956,3031,2360
Brand082.jpg,4000,2000,kurkure,2240,1156,2509,1756
Brand082.jpg,4000,2000,Lays,2063,324,2545,961
Brand082.jpg,4000,2000,tooyumm,1586,1056,1881,1620
Brand127.jpg,4608,3456,Coca-Cola,2987,1562,3566,2041
Brand029.jpg,4000,3000,Lays,1636,1370,2504,2184
Brand392.jpg,4096,2304,tooyumm,680,626,1596,773
Brand392.jpg,4096,2304,kurkure,2248,488,2634,630
Brand392.jpg,4096,2304,tooyumm,2919,726,3238,1078
Brand408.jpg,4096,2304,tooyumm,1748,383,2305,664
Brand408.jpg,4096,2304,kurkure,942,1773,1186,1959
Brand408.jpg,4096,2304,tooyumm,1424,1764,2081,2188
Brand408.jpg,4096,2304,tooyumm,2281,1416,2781,1892
Brand408.jpg,4096,2304,Lays,3034,1035,3462,1588
Brand176.jpg,4608,3456,tooyumm,2354,1963,2451,2071
Brand176.jpg,4608,3456,tooyumm,2505,2020,2728,2117
Brand176.jpg,4608,3456,Lays,2328,2322,2546,2455
Brand176.jpg,4608,3456,kurkure,2677,2409,2782,2448
Brand176.jpg,4608,3456,Lays,2903,2153,2944,2217
Brand340.jpg,648,1152,Bisleri,201,452,304,573
Brand298.jpg,4608,3456,Coca-Cola,3366,1799,3556,2099
Brand298.jpg,4608,3456,Coca-Cola,2529,2551,2740,3067
Brand298.jpg,4608,3456,pepsi,2161,1214,2450,1646
Brand298.jpg,4608,3456,pepsi,3587,830,3993,1214
Brand298.jpg,4608,3456,Bisleri,2666,1025,3045,1183
Brand298.jpg,4608,3456,Bisleri,2161,1799,2561,2246
Brand298.jpg,4608,3456,Bisleri,3387,2514,3814,2888
Brand298.jpg,4608,3456,Bisleri,4145,2203,4608,2599
Brand391.jpg,4096,2304,tooyumm,947,426,1681,635
Brand391.jpg,4096,2304,kurkure,2891,11,3110,359
Brand391.jpg,4096,2304,tooyumm,2562,1097,3081,1807
Brand419.jpg,4096,2304,Lays,766,897,1334,1416
Brand419.jpg,4096,2304,tooyumm,1605,769,2096,1164
Brand419.jpg,4096,2304,kurkure,2400,930,2700,1040
Brand419.jpg,4096,2304,Lays,3034,516,3358,945
Brand130.jpg,4000,3000,Coca-Cola,1981,1347,2500,1552
Brand130.jpg,4000,3000,Bisleri,1063,1684,1931,2229
Brand051.jpg,4000,2000,kurkure,1049,687,1649,969
Brand051.jpg,4000,2000,kurkure,1304,1388,1495,1752
Brand051.jpg,4000,2000,kurkure,1590,1243,1727,1515
Brand409.jpg,4096,2304,kurkure,1014,1778,1329,1935
Brand409.jpg,4096,2304,tooyumm,1862,2030,2019,2188
Brand409.jpg,4096,2304,tooyumm,2291,1535,2872,1954
Brand409.jpg,4096,2304,tooyumm,1800,535,2343,749
Brand409.jpg,4096,2304,Lays,3034,1188,3529,1664
Brand048.jpg,4000,2000,kurkure,1886,215,2168,929
Brand048.jpg,4000,2000,kurkure,1772,1093,1872,1329
Brand048.jpg,4000,2000,kurkure,1927,1243,2040,1534
Brand316.jpg,4608,3456,Lays,3024,1878,3387,2220
Brand316.jpg,4608,3456,Lays,2408,2078,2824,2541
Brand316.jpg,4608,3456,Lays,1793,730,2171,1099
Brand316.jpg,4608,3456,Lays,3061,499,3619,856
Brand316.jpg,4608,3456,tooyumm,3766,1356,4156,1667
Brand316.jpg,4608,3456,tooyumm,3003,2335,3187,2541
Brand316.jpg,4608,3456,tooyumm,2535,1204,2761,1409
Brand316.jpg,4608,3456,kurkure,2998,1172,3282,1404
Brand316.jpg,4608,3456,kurkure,1903,1420,2040,1578
Brand316.jpg,4608,3456,kurkure,2432,1,2693,151
Brand316.jpg,4608,3456,tooyumm,2793,362,2998,578
Brand316.jpg,4608,3456,kurkure,3003,4,3314,188
Brand316.jpg,4608,3456,kurkure,3440,1,3648,246
Brand083.jpg,4000,3000,Lays,1950,1902,2522,2365
Brand083.jpg,4000,3000,kurkure,959,1038,1663,1393
Brand083.jpg,4000,3000,tooyumm,1809,647,2518,943
Brand299.jpg,4608,3456,Bisleri,2082,1767,2424,2241
Brand299.jpg,4608,3456,Bisleri,3298,2520,3714,2856
Brand299.jpg,4608,3456,Bisleri,4040,2226,4608,2546
Brand299.jpg,4608,3456,Bisleri,2566,935,2950,1141
Brand299.jpg,4608,3456,Coca-Cola,2471,2435,2677,3051
Brand299.jpg,4608,3456,Coca-Cola,3293,1725,3487,2056
Brand299.jpg,4608,3456,pepsi,2087,1214,2350,1667
Brand299.jpg,4608,3456,pepsi,3545,899,3856,1151
Brand040.jpg,4000,3000,Lays,1359,1411,1650,1779
Brand379.jpg,4096,2304,tooyumm,1172,1083,1377,1426
Brand379.jpg,4096,2304,tooyumm,2348,1088,2615,1397
Brand379.jpg,4096,2304,tooyumm,3453,988,3853,1492
Brand139.jpg,4608,3456,Bisleri,2893,1551,4077,2178
Brand139.jpg,4608,3456,Bisleri,1703,1725,2903,2267
Brand384.jpg,4096,2304,tooyumm,752,1183,1248,1645
Brand384.jpg,4096,2304,tooyumm,3091,578,3329,930
Brand212.jpg,4608,3456,Lays,424,2141,961,2683
Brand212.jpg,4608,3456,kurkure,2335,1493,2577,1904
Brand212.jpg,4608,3456,Bisleri,2398,2320,3135,2935
Brand212.jpg,4608,3456,kurkure,3061,478,3287,641
Brand212.jpg,4608,3456,Coca-Cola,2487,188,2961,735
Brand212.jpg,4608,3456,Bisleri,3524,946,4082,1362
Brand212.jpg,4608,3456,pepsi,1929,1204,2150,1351
Brand022.jpg,4000,3000,Lays,1736,1084,2640,1943
Brand209.jpg,4608,3456,tooyumm,3145,1299,3345,1667
Brand209.jpg,4608,3456,tooyumm,971,1667,1256,2109
Brand209.jpg,4608,3456,kurkure,2693,662,2893,778
Brand209.jpg,4608,3456,Coca-Cola,3003,641,3350,1072
Brand209.jpg,4608,3456,Bisleri,2335,114,2666,388
Brand209.jpg,4608,3456,pepsi,3729,41,3914,367
Brand293.jpg,4608,3456,Bisleri,2087,1641,2450,2130
Brand293.jpg,4608,3456,pepsi,2082,1067,2398,1525
Brand293.jpg,4608,3456,Bisleri,2624,856,2929,1067
Brand293.jpg,4608,3456,pepsi,3550,693,3982,1046
Brand293.jpg,4608,3456,Coca-Cola,3293,1646,3514,1930
Brand293.jpg,4608,3456,Coca-Cola,2503,2335,2714,2946
Brand293.jpg,4608,3456,Bisleri,3356,2420,3766,2762
Brand293.jpg,4608,3456,Bisleri,4050,2114,4587,2451
Brand277.jpg,4000,3000,pepsi,1386,2270,1563,2406
Brand277.jpg,4000,3000,pepsi,1981,2438,2200,2670
Brand277.jpg,4000,3000,Bisleri,2795,1911,3231,2506
Brand277.jpg,4000,3000,pepsi,3068,1334,3281,1570
Brand277.jpg,4000,3000,Bisleri,2263,1284,2672,1638
Brand277.jpg,4000,3000,Coca-Cola,1913,315,2150,906
Brand277.jpg,4000,3000,Bisleri,1168,834,1354,1343
Brand277.jpg,4000,3000,Bisleri,663,1515,1036,2038
Brand277.jpg,4000,3000,Coca-Cola,1640,1429,1977,1702
Brand211.jpg,4608,3456,Lays,440,2141,929,2646
Brand211.jpg,4608,3456,kurkure,2340,1514,2550,1899
Brand211.jpg,4608,3456,Bisleri,2366,2314,2871,2751
Brand211.jpg,4608,3456,kurkure,3077,478,3293,678
Brand211.jpg,4608,3456,Bisleri,3514,993,3845,1304
Brand211.jpg,4608,3456,Coca-Cola,2471,178,2861,746
Brand211.jpg,4608,3456,pepsi,1914,1214,2150,1335
Brand395.jpg,4096,2304,kurkure,1196,1297,1338,1607
Brand395.jpg,4096,2304,tooyumm,2581,759,3110,1026
Brand395.jpg,4096,2304,Lays,3734,683,4053,1140
Brand395.jpg,4096,2304,tooyumm,852,1235,1177,1907
Brand380.jpg,4096,2304,tooyumm,1481,821,1681,1116
Brand380.jpg,4096,2304,tooyumm,2534,921,2862,1464
Brand380.jpg,4096,2304,tooyumm,3658,797,4067,1302
Brand019.jpg,4000,3000,Lays,1513,2315,1900,2602
Brand117.jpg,4608,3456,Coca-Cola,2756,1220,3093,2009
Brand089.jpg,4000,3000,Lays,2463,765,2959,1265
Brand089.jpg,4000,3000,tooyumm,1145,1111,1540,1297
Brand078.jpg,4000,3000,kurkure,1550,1652,1772,1888
Brand078.jpg,4000,3000,kurkure,1931,1565,2200,1702
Brand078.jpg,4000,3000,Lays,2327,1729,2536,1902
Brand078.jpg,4000,3000,Lays,2354,1047,2472,1202
Brand078.jpg,4000,3000,Lays,1681,1170,1863,1334
Brand084.jpg,4000,3000,tooyumm,2291,360,2746,1120
Brand084.jpg,4000,3000,Lays,2240,1593,2822,2202
Brand084.jpg,4000,3000,kurkure,1195,1206,2040,1470
Brand354.jpg,4096,2304,tooyumm,1205,1549,2358,2026
Brand365.jpg,2304,4096,tooyumm,214,1651,776,2032
Brand365.jpg,2304,4096,tooyumm,1995,1913,2301,2545
Brand365.jpg,2304,4096,tooyumm,189,138,520,607
Brand017.jpg,4000,3000,Lays,1759,1524,2677,2438
Brand177.jpg,4000,3000,tooyumm,1440,1011,1781,1247
Brand177.jpg,4000,3000,tooyumm,2009,906,2209,1179
Brand177.jpg,4000,3000,kurkure,2545,1911,2718,2129
Brand177.jpg,4000,3000,Lays,2450,1474,2818,1770
Brand177.jpg,4000,3000,kurkure,2677,1224,2745,1402
Brand177.jpg,4000,3000,Lays,2172,734,2281,847
Brand411.jpg,4096,2304,Lays,1934,1840,2167,1992
Brand411.jpg,4096,2304,kurkure,1129,178,1486,292
Brand411.jpg,4096,2304,tooyumm,2977,973,3429,1354
Brand126.jpg,4000,3000,Bisleri,1854,1420,2381,2447
Brand126.jpg,4000,3000,Bisleri,1981,515,2350,1306
Brand014.jpg,4000,3000,Lays,1404,1011,2177,1906
Brand253.jpg,3456,4608,kurkure,649,2664,1735,3678
Brand253.jpg,3456,4608,tooyumm,1349,4193,1857,4607
Brand289.jpg,4608,3456,Coca-Cola,1256,1583,1714,1883
Brand289.jpg,4608,3456,Coca-Cola,2398,2146,2640,2378
Brand289.jpg,4608,3456,Bisleri,1998,999,2366,1441
Brand289.jpg,4608,3456,Bisleri,1698,2367,2024,2788
Brand289.jpg,4608,3456,Bisleri,2071,2904,2514,3393
Brand289.jpg,4608,3456,Bisleri,3035,1346,3250,1662
Brand289.jpg,4608,3456,pepsi,3182,2162,3540,2520
Brand289.jpg,4608,3456,pepsi,2503,946,2950,1162
Brand112.jpg,4000,3000,Bisleri,1872,1170,2581,1779
Brand039.jpg,4000,3000,Lays,1522,1056,2222,1974
Brand107.jpg,4000,3000,Bisleri,177,1406,686,1743
Brand107.jpg,4000,3000,Lays,677,752,800,902
Brand107.jpg,4000,3000,Lays,1768,1706,1927,1829
Brand107.jpg,4000,3000,kurkure,1622,374,1800,470
Brand107.jpg,4000,3000,tooyumm,1022,920,1440,1197
Brand107.jpg,4000,3000,tooyumm,1040,1484,1359,1929
Brand107.jpg,4000,3000,tooyumm,1595,2106,1836,2593
Brand107.jpg,4000,3000,Lays,1963,465,2345,847
Brand107.jpg,4000,3000,Lays,2377,1443,2731,1811
Brand107.jpg,4000,3000,kurkure,2618,552,2904,779
Brand107.jpg,4000,3000,kurkure,2877,979,3227,1424
Brand107.jpg,4000,3000,Bisleri,2940,1615,3363,2038
Brand338.jpg,648,1152,tooyumm,289,539,365,599
Brand386.jpg,2304,4096,tooyumm,1751,1170,1989,1545
Brand386.jpg,2304,4096,kurkure,1451,2638,1783,2970
Brand026.jpg,4000,2000,kurkure,1640,597,1754,911
Brand026.jpg,4000,2000,kurkure,1400,711,1531,974
Brand026.jpg,4000,2000,kurkure,1609,1520,1763,1793
Brand297.jpg,4608,3456,pepsi,2087,1230,2324,1641
Brand297.jpg,4608,3456,pepsi,3545,904,3866,1199
Brand297.jpg,4608,3456,Bisleri,2071,1767,2435,2209
Brand297.jpg,4608,3456,Bisleri,3335,2520,3693,2862
Brand297.jpg,4608,3456,Bisleri,4056,2214,4556,2567
Brand297.jpg,4608,3456,Bisleri,2593,993,2940,1156
Brand297.jpg,4608,3456,Coca-Cola,3282,1751,3482,2035
Brand297.jpg,4608,3456,Coca-Cola,2461,2478,2719,3041
Brand286.jpg,4608,3456,Coca-Cola,3387,3235,3550,3456
Brand286.jpg,4608,3456,Bisleri,2709,3283,2971,3456
Brand286.jpg,4608,3456,kurkure,2408,1835,2640,2083
Brand286.jpg,4608,3456,kurkure,2203,1788,2393,1972
Brand286.jpg,4608,3456,kurkure,2845,1999,3024,2135
Brand286.jpg,4608,3456,Lays,2082,1025,2235,1241
Brand286.jpg,4608,3456,Lays,2356,1267,2666,1588
Brand286.jpg,4608,3456,Lays,2714,1141,3098,1367
Brand286.jpg,4608,3456,Lays,3329,1478,3571,1804
Brand286.jpg,4608,3456,Lays,3093,478,3387,720
Brand286.jpg,4608,3456,kurkure,3529,1114,3598,1214
Brand286.jpg,4608,3456,tooyumm,2619,1567,2793,1778
Brand286.jpg,4608,3456,tooyumm,2398,799,2608,1030
Brand286.jpg,4608,3456,tooyumm,2945,451,3003,599
Brand286.jpg,4608,3456,kurkure,2850,946,2956,1067
Brand358.jpg,4096,2304,tooyumm,2272,469,2734,1107
Brand159.jpg,3456,4608,Bisleri,214,2228,857,3778
Brand159.jpg,3456,4608,Bisleri,399,1243,1107,2193
Brand159.jpg,3456,4608,pepsi,1449,700,1999,1385
Brand159.jpg,3456,4608,pepsi,1577,1,2035,478
Brand148.jpg,3456,4608,Bisleri,3021,3250,3456,3846
Brand282.jpg,3456,4608,Lays,514,1835,907,2193
Brand282.jpg,3456,4608,Lays,657,3221,1121,3621
Brand282.jpg,3456,4608,Lays,1192,2243,1657,2571
Brand282.jpg,3456,4608,Lays,1757,2100,2178,2421
Brand282.jpg,3456,4608,Lays,2299,2664,2628,3000
Brand282.jpg,3456,4608,kurkure,435,2428,542,2621
Brand282.jpg,3456,4608,kurkure,1221,1357,1528,1585
Brand282.jpg,3456,4608,kurkure,1828,1550,2092,1778
Brand282.jpg,3456,4608,kurkure,2171,1607,2428,1878
Brand282.jpg,3456,4608,tooyumm,1192,3550,1385,3757
Brand282.jpg,3456,4608,tooyumm,1828,2971,2085,3264
Brand282.jpg,3456,4608,tooyumm,1528,1800,1849,2085
Brand282.jpg,3456,4608,Coca-Cola,728,1,946,300
Brand282.jpg,3456,4608,Bisleri,1357,1,1597,228
Brand282.jpg,3456,4608,Bisleri,1971,1,2159,128
Brand137.jpg,4000,3000,Bisleri,2040,1347,2818,1806
Brand137.jpg,4000,3000,Bisleri,1027,1065,1913,1434
Brand137.jpg,4000,3000,Coca-Cola,2795,1365,3159,1565
Brand364.jpg,4096,2304,tooyumm,2119,897,2429,1507
Brand364.jpg,4096,2304,tooyumm,847,1169,1018,1416
Brand267.jpg,4000,3000,Bisleri,2681,1872,2984,2028
Brand267.jpg,4000,3000,kurkure,2250,1747,2377,1943
Brand267.jpg,4000,3000,Bisleri,2209,1988,2345,2143
Brand267.jpg,4000,3000,Bisleri,2304,2384,2504,2561
Brand267.jpg,4000,3000,kurkure,1872,1997,2109,2134
Brand267.jpg,4000,3000,kurkure,1445,2029,1586,2106
Brand267.jpg,4000,3000,Lays,1309,1761,1486,1924
Brand267.jpg,4000,3000,tooyumm,1350,1465,1540,1674
Brand267.jpg,4000,3000,pepsi,1545,1674,1690,1811
Brand267.jpg,4000,3000,Lays,1422,1256,1636,1461
Brand267.jpg,4000,3000,Lays,1518,924,1727,1143
Brand267.jpg,4000,3000,Coca-Cola,1895,829,2045,1029
Brand267.jpg,4000,3000,Coca-Cola,2086,847,2181,974
Brand267.jpg,4000,3000,Lays,2195,1084,2422,1311
Brand267.jpg,4000,3000,Bisleri,2209,1306,2390,1556
Brand267.jpg,4000,3000,pepsi,1836,1524,1972,1656
Brand267.jpg,4000,3000,tooyumm,1827,1729,2031,1874
Brand301.jpg,4608,3456,Bisleri,2119,1741,2466,2251
Brand301.jpg,4608,3456,Bisleri,3424,2535,3740,2920
Brand301.jpg,4608,3456,Bisleri,4066,2266,4608,2641
Brand301.jpg,4608,3456,Bisleri,2640,972,2961,1256
Brand301.jpg,4608,3456,pepsi,2129,1251,2403,1683
Brand301.jpg,4608,3456,pepsi,3566,914,3893,1220
Brand301.jpg,4608,3456,Coca-Cola,2482,2504,2735,3088
Brand301.jpg,4608,3456,Coca-Cola,3329,1778,3550,2067
Brand366.jpg,2304,4096,tooyumm,158,2007,470,2620
Brand366.jpg,2304,4096,tooyumm,1658,2720,2270,3038
Brand366.jpg,2304,4096,Bisleri,626,395,926,663
Brand304.jpg,4608,3456,pepsi,2124,1267,2377,1683
Brand304.jpg,4608,3456,pepsi,3598,899,3893,1251
Brand304.jpg,4608,3456,Coca-Cola,2493,2551,2687,3056
Brand304.jpg,4608,3456,Coca-Cola,3308,1788,3519,2072
Brand304.jpg,4608,3456,Bisleri,2108,1778,2461,2267
Brand304.jpg,4608,3456,Bisleri,3345,2525,3724,2946
Brand304.jpg,4608,3456,Bisleri,4019,2230,4582,2604
Brand304.jpg,4608,3456,Bisleri,2645,1004,2982,1246
Brand308.jpg,4608,3456,Lays,2982,1751,3393,2067
Brand308.jpg,4608,3456,kurkure,2514,1841,2719,1962
Brand308.jpg,4608,3456,Lays,1571,2178,1977,2604
Brand308.jpg,4608,3456,tooyumm,1540,2751,1719,2904
Brand308.jpg,4608,3456,Lays,2750,2583,3114,2972
Brand308.jpg,4608,3456,kurkure,2477,2662,2677,3014
Brand308.jpg,4608,3456,Lays,2877,3104,3282,3399
Brand308.jpg,4608,3456,tooyumm,2056,3241,2445,3456
Brand308.jpg,4608,3456,kurkure,3629,2941,3845,3209
Brand308.jpg,4608,3456,kurkure,3514,3362,3697,3456
Brand308.jpg,4608,3456,tooyumm,3224,2799,3614,2993
Brand396.jpg,4096,2304,tooyumm,1962,1007,2453,1349
Brand396.jpg,4096,2304,kurkure,799,1702,1172,1911
Brand396.jpg,4096,2304,tooyumm,1862,497,2400,769
Brand396.jpg,4096,2304,Lays,3043,792,3481,1273
Brand276.jpg,4000,3000,pepsi,1459,2329,1627,2611
Brand276.jpg,4000,3000,pepsi,977,1943,1140,2070
Brand276.jpg,4000,3000,pepsi,2900,1715,3159,1961
Brand276.jpg,4000,3000,Bisleri,2359,2134,2731,2743
Brand276.jpg,4000,3000,Bisleri,2131,1370,2600,1779
Brand276.jpg,4000,3000,Coca-Cola,1522,1206,1750,1511
Brand276.jpg,4000,3000,Coca-Cola,2131,238,2477,774
Brand276.jpg,4000,3000,Bisleri,1140,484,1577,865
Brand276.jpg,4000,3000,Bisleri,450,1056,790,1452
Brand382.jpg,4096,2304,tooyumm,880,1192,1448,1783
Brand382.jpg,4096,2304,tooyumm,2567,921,2896,1530
Brand382.jpg,4096,2304,tooyumm,3719,830,4062,1383
Brand064.jpg,4000,3000,Lays,2318,1265,2931,1765
Brand064.jpg,4000,3000,kurkure,1031,1161,1295,1738
Brand064.jpg,4000,3000,Lays,1145,143,1527,779
Brand064.jpg,4000,3000,Lays,859,2120,1368,2734
Brand064.jpg,4000,3000,Lays,2168,2238,2590,2715
Brand035.jpg,4000,3000,Lays,1754,1320,2713,1843
Brand287.jpg,4608,3456,Lays,2087,2293,2393,2525
Brand287.jpg,4608,3456,Lays,2550,1725,2908,2120
Brand287.jpg,4608,3456,Lays,2740,409,3198,672
Brand287.jpg,4608,3456,Lays,1398,709,1782,1109
Brand287.jpg,4608,3456,Lays,2424,1109,2814,1546
Brand287.jpg,4608,3456,tooyumm,1798,1788,2161,2067
Brand287.jpg,4608,3456,tooyumm,1329,1246,1529,1346
Brand287.jpg,4608,3456,tooyumm,2935,1451,3266,1683
Brand287.jpg,4608,3456,kurkure,3229,1972,3587,2341
Brand287.jpg,4608,3456,kurkure,3356,1693,3561,1993
Brand287.jpg,4608,3456,kurkure,3514,1099,3750,1399
Brand287.jpg,4608,3456,kurkure,2208,341,2524,488
Brand287.jpg,4608,3456,kurkure,2129,1183,2261,1430
Brand389.jpg,4096,2304,tooyumm,776,416,1577,840
Brand389.jpg,4096,2304,kurkure,3119,778,3305,1226
Brand072.jpg,4000,3000,kurkure,1513,1534,2168,1770
Brand072.jpg,4000,3000,kurkure,431,1593,1277,1811
Brand072.jpg,4000,3000,Lays,2477,1347,3318,2111
Brand072.jpg,4000,3000,Lays,2286,638,2772,1102
Brand072.jpg,4000,3000,Lays,981,379,1713,1020
Brand290.jpg,4608,3456,Coca-Cola,1371,1630,1898,1835
Brand290.jpg,4608,3456,Coca-Cola,2587,2262,2819,2472
Brand290.jpg,4608,3456,Bisleri,1787,2456,2224,2856
Brand290.jpg,4608,3456,Bisleri,2161,3104,2600,3456
Brand290.jpg,4608,3456,Bisleri,2193,1104,2677,1351
Brand290.jpg,4608,3456,Bisleri,3298,1393,3535,1730
Brand290.jpg,4608,3456,pepsi,3435,2278,3777,2646
Brand290.jpg,4608,3456,pepsi,2745,925,3150,1235
Brand307.jpg,4000,3000,Lays,1004,515,1595,1170
Brand307.jpg,4000,3000,kurkure,2277,956,2709,1343
Brand307.jpg,4000,3000,Lays,2836,652,3659,1361
Brand307.jpg,4000,3000,Lays,3336,1665,4000,2461
Brand307.jpg,4000,3000,tooyumm,1954,2143,2563,2624
Brand307.jpg,4000,3000,tooyumm,968,1424,1290,1702
Brand114.jpg,4000,2000,pepsi,1159,1243,1559,1652
Brand114.jpg,4000,2000,pepsi,1159,284,1609,679
Brand114.jpg,4000,2000,Coca-Cola,1818,911,2386,1415
Brand015.jpg,4000,3000,Lays,1631,1165,2186,1879
Brand381.jpg,4096,2304,tooyumm,823,935,1162,1145
Brand381.jpg,4096,2304,tooyumm,2581,1064,2881,1607
Brand381.jpg,4096,2304,tooyumm,3677,1007,4005,1488
Brand362.jpg,4096,2304,tooyumm,1777,949,2296,1316
Brand362.jpg,4096,2304,tooyumm,2458,21,2796,678
Brand362.jpg,4096,2304,Bisleri,114,1330,509,1778
Brand036.jpg,4000,3000,Lays,1668,1229,2377,1938
Brand070.jpg,4000,2000,kurkure,1340,1043,1854,1229
Brand070.jpg,4000,2000,Lays,2286,693,2777,1179
Brand070.jpg,4000,2000,Lays,2113,1565,2468,1952
Brand070.jpg,4000,2000,Lays,518,1006,1090,1424
Brand196.jpg,4608,3456,kurkure,661,2425,893,2572
Brand196.jpg,4608,3456,kurkure,3614,1820,3824,2072
Brand196.jpg,4608,3456,Lays,2098,1135,2261,1256
Brand196.jpg,4608,3456,Lays,1154,1,1787,541
Brand196.jpg,4608,3456,pepsi,2693,825,3014,1099
Brand196.jpg,4608,3456,Coca-Cola,3577,1262,3987,1614
Brand196.jpg,4608,3456,tooyumm,4308,970,4608,1320
Brand196.jpg,4608,3456,Bisleri,3171,2235,3440,2699
Brand196.jpg,4608,3456,Bisleri,1782,1520,2050,2220
Brand197.jpg,4608,3456,tooyumm,3293,556,3666,835
Brand197.jpg,4608,3456,tooyumm,3903,2783,4345,3088
Brand197.jpg,4608,3456,kurkure,2582,1262,2761,1488
Brand197.jpg,4608,3456,Bisleri,2129,1630,2356,1972
Brand197.jpg,4608,3456,Coca-Cola,2614,756,3008,1125
Brand197.jpg,4608,3456,Bisleri,793,693,1161,1246
Brand197.jpg,4608,3456,Lays,1219,356,1445,493
Brand197.jpg,4608,3456,pepsi,1866,230,2129,414
Brand124.jpg,4608,3456,Coca-Cola,2714,1309,3703,1767
Brand278.jpg,4000,3000,Bisleri,1959,1056,2381,1297
Brand278.jpg,4000,3000,pepsi,2395,561,2781,838
Brand278.jpg,4000,3000,Bisleri,2727,1106,3268,1515
Brand278.jpg,4000,3000,pepsi,2504,1997,2754,2397
Brand278.jpg,4000,3000,pepsi,1972,2370,2181,2534
Brand278.jpg,4000,3000,Coca-Cola,1586,1597,1945,1747
Brand278.jpg,4000,3000,Bisleri,1104,2170,1409,2720
Brand278.jpg,4000,3000,Bisleri,1000,1456,1263,1861
Brand278.jpg,4000,3000,Coca-Cola,1168,615,1636,1052
Brand404.jpg,4096,2304,tooyumm,1196,597,1762,916
Brand404.jpg,4096,2304,kurkure,2005,1207,2467,1392
Brand404.jpg,4096,2304,tooyumm,2919,802,3319,1345
Brand053.jpg,4000,3000,Lays,631,1665,1013,2297
Brand053.jpg,4000,3000,Lays,1227,837,1782,1305
Brand053.jpg,4000,3000,Lays,2036,1502,2590,2029
Brand053.jpg,4000,3000,Lays,2659,715,3090,1134
Brand069.jpg,4000,2000,Lays,1913,584,2750,1070
Brand069.jpg,4000,2000,Lays,181,247,595,711
Brand069.jpg,4000,2000,kurkure,1055,502,1686,765
Brand104.jpg,4000,3000,tooyumm,2168,2111,2418,2638
Brand104.jpg,4000,3000,tooyumm,840,1897,1140,2474
Brand104.jpg,4000,3000,tooyumm,763,1443,1204,1729
Brand104.jpg,4000,3000,kurkure,2504,747,2822,924
Brand104.jpg,4000,3000,kurkure,2895,1124,3154,1511
Brand104.jpg,4000,3000,kurkure,1263,615,1454,724
Brand104.jpg,4000,3000,Lays,131,1156,268,1334
Brand104.jpg,4000,3000,Lays,1831,2034,1990,2170
Brand104.jpg,4000,3000,Lays,2459,1688,2850,2006
Brand104.jpg,4000,3000,Lays,1781,656,2163,1152
Brand202.jpg,4608,3456,Bisleri,2087,1456,2414,2183
Brand202.jpg,4608,3456,Lays,1487,4,2050,525
Brand202.jpg,4608,3456,kurkure,1003,2409,1187,2535
Brand202.jpg,4608,3456,Lays,2419,1041,2582,1214
Brand202.jpg,4608,3456,pepsi,3077,772,3293,1020
Brand202.jpg,4608,3456,Coca-Cola,3856,1178,4308,1488
Brand202.jpg,4608,3456,kurkure,3982,1741,4156,1967
Brand202.jpg,4608,3456,Bisleri,3498,2183,3771,2709
Brand291.jpg,4608,3456,Coca-Cola,1424,1593,1898,1878
Brand291.jpg,4608,3456,Coca-Cola,2608,2272,2808,2467
Brand291.jpg,4608,3456,Bisleri,1793,2425,2140,2930
Brand291.jpg,4608,3456,Bisleri,2156,3088,2616,3456
Brand291.jpg,4608,3456,Bisleri,3314,1372,3524,1767
Brand291.jpg,4608,3456,Bisleri,2198,1109,2766,1325
Brand291.jpg,4608,3456,pepsi,3493,2288,3787,2646
Brand291.jpg,4608,3456,pepsi,2745,972,3235,1146
Brand046.jpg,4000,2000,kurkure,100,352,881,806
Brand046.jpg,4000,2000,kurkure,1263,474,1972,724
Brand046.jpg,4000,2000,kurkure,2300,352,2700,647
Brand071.jpg,4000,3000,Lays,2595,1493,3218,2115
Brand071.jpg,4000,3000,Lays,2300,893,2727,1224
Brand071.jpg,4000,3000,Lays,1131,715,1695,1279
Brand071.jpg,4000,3000,kurkure,872,1874,1545,2134
Brand071.jpg,4000,3000,kurkure,1786,1706,2277,1947
Brand254.jpg,4608,3456,kurkure,1650,2109,2345,2920
Brand254.jpg,4608,3456,tooyumm,2940,2109,3435,2467
Brand254.jpg,4608,3456,Lays,2535,72,2861,367
Brand254.jpg,4608,3456,Bisleri,3498,1662,3808,2325
Brand128.jpg,4000,3000,Coca-Cola,1963,1247,2290,1602
Brand128.jpg,4000,3000,Bisleri,1790,1770,2190,2547
Brand128.jpg,4000,3000,Bisleri,1054,2829,1554,2993
Brand273.jpg,4000,3000,kurkure,1959,2565,2095,2652
Brand273.jpg,4000,3000,Lays,1895,2397,2281,2611
Brand273.jpg,4000,3000,Bisleri,1727,2088,2031,2356
Brand273.jpg,4000,3000,kurkure,1450,1765,1672,2052
Brand273.jpg,4000,3000,Bisleri,1090,1384,1363,1706
Brand273.jpg,4000,3000,Bisleri,536,1097,790,1479
Brand273.jpg,4000,3000,kurkure,1413,1084,1604,1288
Brand273.jpg,4000,3000,kurkure,1631,865,1954,1088
Brand273.jpg,4000,3000,Lays,2231,561,2490,706
Brand273.jpg,4000,3000,Lays,2254,884,2654,1247
Brand273.jpg,4000,3000,tooyumm,3086,1493,3309,1597
Brand273.jpg,4000,3000,Lays,2972,1702,3331,2034
Brand273.jpg,4000,3000,Coca-Cola,2750,2152,2972,2611
Brand273.jpg,4000,3000,Coca-Cola,2600,2552,2754,2811
Brand273.jpg,4000,3000,tooyumm,2318,1834,2450,1952
Brand273.jpg,4000,3000,kurkure,2463,1456,2704,1674
Brand273.jpg,4000,3000,Lays,2136,1261,2404,1615
Brand273.jpg,4000,3000,Bisleri,1754,1224,2022,1465
Brand320.jpg,4608,3456,Coca-Cola,1887,2283,2145,2888
Brand320.jpg,4608,3456,Bisleri,1577,1488,1893,1999
Brand320.jpg,4608,3456,Bisleri,2745,2399,3135,2756
Brand320.jpg,4608,3456,Bisleri,3493,2199,4098,2525
Brand320.jpg,4608,3456,Bisleri,2193,678,2482,1020
Brand320.jpg,4608,3456,pepsi,1645,951,1914,1414
Brand320.jpg,4608,3456,pepsi,3124,772,3593,1072
Brand320.jpg,4608,3456,Coca-Cola,2808,1656,2971,1962
Brand146.jpg,3456,4608,Bisleri,928,2721,2728,3535
Brand146.jpg,3456,4608,Bisleri,2792,2826,3456,3464
Brand095.jpg,4000,3000,tooyumm,1277,2120,1914,2620
Brand095.jpg,4000,3000,Lays,1372,720,1877,1102
Brand095.jpg,4000,3000,kurkure,2095,1120,2695,1474
Brand031.jpg,4000,3000,Lays,1613,1197,2231,2093
Brand172.jpg,3456,4608,kurkure,457,3407,949,3735
Brand172.jpg,3456,4608,Lays,1728,1543,1942,1757
Brand172.jpg,3456,4608,Lays,1292,3164,1971,3843
Brand172.jpg,3456,4608,tooyumm,2621,2357,3249,2864
Brand172.jpg,3456,4608,tooyumm,2514,1214,2949,2057
Brand172.jpg,3456,4608,kurkure,2328,3664,2549,3807
Brand393.jpg,4096,2304,tooyumm,595,259,909,473
Brand393.jpg,4096,2304,tooyumm,3024,540,3458,797
Brand393.jpg,4096,2304,kurkure,2115,278,2538,445
Brand150.jpg,3456,4608,Bisleri,871,843,1857,2007
Brand150.jpg,3456,4608,Bisleri,1978,328,3099,935
Brand119.jpg,4608,3456,Coca-Cola,2840,1067,3214,1899
Brand251.jpg,3456,4608,tooyumm,1928,2971,2207,3393
Brand251.jpg,3456,4608,Bisleri,921,3300,1771,3785
Brand251.jpg,3456,4608,Lays,971,2314,1249,2421
Brand251.jpg,3456,4608,Lays,1549,2200,1821,2464
Brand251.jpg,3456,4608,kurkure,2185,1378,2599,1928
Brand251.jpg,3456,4608,Coca-Cola,1835,2314,2285,2550
Brand155.jpg,3456,4608,Bisleri,1564,2071,2149,3214
Brand155.jpg,3456,4608,Bisleri,1635,1264,2035,2035
Brand155.jpg,3456,4608,Bisleri,1185,4178,1899,4571
Brand155.jpg,3456,4608,Coca-Cola,321,1778,728,2143
Brand155.jpg,3456,4608,Coca-Cola,2199,735,2557,1207
Brand155.jpg,3456,4608,Coca-Cola,2135,1,2535,564
Brand275.jpg,4000,3000,Lays,1390,1524,1813,1865
Brand275.jpg,4000,3000,kurkure,1727,2074,1913,2447
Brand275.jpg,4000,3000,kurkure,2090,2329,2409,2502
Brand275.jpg,4000,3000,kurkure,2563,2179,2850,2334
Brand275.jpg,4000,3000,Lays,2718,1302,3022,1652
Brand275.jpg,4000,3000,kurkure,2577,984,2686,1070
Brand275.jpg,4000,3000,Lays,1736,534,2113,824
Brand275.jpg,4000,3000,tooyumm,1509,679,1686,874
Brand275.jpg,4000,3000,tooyumm,1350,1270,1536,1397
Brand275.jpg,4000,3000,tooyumm,2054,1924,2336,2161
Brand275.jpg,4000,3000,Lays,1909,1452,2154,1774
Brand275.jpg,4000,3000,Lays,1131,1756,1359,1947
Brand038.jpg,4000,2000,kurkure,622,574,1472,1315
Brand038.jpg,4000,2000,kurkure,877,1515,1172,1688
Brand038.jpg,4000,2000,kurkure,2122,529,2804,1452
Brand038.jpg,4000,2000,kurkure,1150,1815,1640,1952
Brand090.jpg,4000,2000,tooyumm,1572,929,1936,1106
Brand090.jpg,4000,2000,kurkure,1650,1352,1881,1434
Brand090.jpg,4000,2000,Lays,2077,1156,2581,1693
Brand045.jpg,4000,3000,Lays,1459,1847,1940,2447
Brand045.jpg,4000,3000,Lays,1440,765,2090,1584
Brand369.jpg,2304,4096,tooyumm,789,1457,1495,1932
Brand252.jpg,3456,4608,tooyumm,1507,2214,1899,2985
Brand252.jpg,3456,4608,Coca-Cola,2949,1437,3456,1721
Brand252.jpg,3456,4608,Bisleri,1714,2985,2999,3750
Brand252.jpg,3456,4608,Lays,2542,1243,2892,1600
Brand315.jpg,4608,3456,Lays,2414,2099,2840,2488
Brand315.jpg,4608,3456,Lays,1803,704,2150,1114
Brand315.jpg,4608,3456,Lays,3050,499,3603,914
Brand315.jpg,4608,3456,Lays,3008,1867,3424,2204
Brand315.jpg,4608,3456,tooyumm,2982,2278,3150,2509
Brand315.jpg,4608,3456,tooyumm,3745,1335,4145,1678
Brand315.jpg,4608,3456,tooyumm,2561,1246,2745,1388
Brand315.jpg,4608,3456,tooyumm,2787,351,2977,583
Brand315.jpg,4608,3456,kurkure,1903,1414,2040,1578
Brand315.jpg,4608,3456,kurkure,2982,1151,3277,1383
Brand315.jpg,4608,3456,kurkure,2437,1,2671,188
Brand315.jpg,4608,3456,kurkure,3419,1,3666,251
Brand315.jpg,4608,3456,kurkure,3016,1,3277,167
Brand206.jpg,4608,3456,Lays,1814,1062,2114,1235
Brand407.jpg,4096,2304,tooyumm,1538,1726,2138,2121
Brand407.jpg,4096,2304,kurkure,747,1392,1138,1649
Brand407.jpg,4096,2304,tooyumm,2348,1369,2862,1892
Brand407.jpg,4096,2304,Lays,3138,997,3591,1454
Brand407.jpg,4096,2304,tooyumm,1810,278,2424,569
Brand161.jpg,3456,4608,Coca-Cola,1,1507,242,1807
Brand161.jpg,3456,4608,Bisleri,1085,2193,1592,3735
Brand161.jpg,3456,4608,Bisleri,1321,1350,2085,2121
Brand161.jpg,3456,4608,Bisleri,2442,943,2985,1493
Brand161.jpg,3456,4608,Bisleri,2599,414,3078,814
Brand042.jpg,4000,3000,Lays,2386,888,3304,2006
Brand193.jpg,4608,3456,Bisleri,1319,1441,1687,2062
Brand193.jpg,4608,3456,pepsi,2166,914,2445,1193
Brand193.jpg,4608,3456,Coca-Cola,2882,1314,3235,1735
Brand193.jpg,4608,3456,tooyumm,3482,1151,3787,1372
Brand193.jpg,4608,3456,Bisleri,2498,2109,2761,2572
Brand193.jpg,4608,3456,Lays,1687,1141,1840,1246
Brand193.jpg,4608,3456,tooyumm,4219,2978,4571,3214
Brand179.jpg,3456,4608,kurkure,407,3193,1007,3550
Brand179.jpg,3456,4608,Lays,1321,2907,1935,3628
Brand179.jpg,3456,4608,Lays,1449,1221,1699,1471
Brand179.jpg,3456,4608,tooyumm,2457,1807,3121,2328
Brand179.jpg,3456,4608,tooyumm,2278,821,2657,1628
Brand179.jpg,3456,4608,kurkure,2371,3300,2664,3443
Brand122.jpg,4000,3000,Bisleri,1318,1279,1940,2515
Brand122.jpg,4000,3000,Bisleri,2845,365,3536,888
Brand418.jpg,4096,2304,Lays,537,635,1177,1197
Brand418.jpg,4096,2304,tooyumm,1500,573,2072,992
Brand418.jpg,4096,2304,kurkure,2362,826,2653,940
Brand418.jpg,4096,2304,Lays,3048,1340,3515,1711
Brand025.jpg,4000,3000,Lays,1663,1047,2559,1906
Brand264.jpg,4000,3000,Lays,790,1984,1027,2288
Brand264.jpg,4000,3000,tooyumm,972,1661,1209,1879
Brand264.jpg,4000,3000,Lays,1309,1488,1704,1815
Brand264.jpg,4000,3000,Bisleri,1231,661,1450,934
Brand264.jpg,4000,3000,kurkure,1527,356,1804,629
Brand264.jpg,4000,3000,Coca-Cola,1918,624,2177,793
Brand264.jpg,4000,3000,kurkure,2263,29,2540,124
Brand264.jpg,4000,3000,tooyumm,2509,652,2654,879
Brand264.jpg,4000,3000,Coca-Cola,918,1215,1050,1356
Brand264.jpg,4000,3000,tooyumm,2718,1024,3063,1138
Brand264.jpg,4000,3000,pepsi,3063,1574,3227,1761
Brand264.jpg,4000,3000,Bisleri,2377,2115,2613,2402
Brand264.jpg,4000,3000,Bisleri,1468,2174,1872,2406
Brand264.jpg,4000,3000,Lays,1795,1752,2081,1974
Brand264.jpg,4000,3000,Lays,2277,1606,2590,1911
Brand264.jpg,4000,3000,kurkure,2090,1215,2290,1424
Brand264.jpg,4000,3000,Bisleri,1768,1361,1995,1593
Brand324.jpg,4608,3456,Coca-Cola,2477,1614,3329,1920
Brand324.jpg,4608,3456,Coca-Cola,1329,720,1750,1046
Brand324.jpg,4608,3456,Bisleri,1540,2220,2187,2741
Brand324.jpg,4608,3456,Bisleri,277,1667,671,2151
Brand324.jpg,4608,3456,Bisleri,2271,109,2871,699
Brand324.jpg,4608,3456,pepsi,798,2446,1435,2725
Brand324.jpg,4608,3456,pepsi,61,372,529,851
Brand105.jpg,4000,2000,Lays,1022,1238,1477,1524
Brand105.jpg,4000,2000,Lays,754,493,1059,679
Brand105.jpg,4000,2000,Lays,2740,1211,2886,1356
Brand105.jpg,4000,2000,Lays,1413,406,1522,493
Brand105.jpg,4000,2000,kurkure,427,802,631,1152
Brand105.jpg,4000,2000,kurkure,527,1293,759,1438
Brand105.jpg,4000,2000,kurkure,1700,1670,1840,1774
Brand105.jpg,4000,2000,tooyumm,1877,652,2250,961
Brand105.jpg,4000,2000,tooyumm,2054,202,2277,615
Brand105.jpg,4000,2000,tooyumm,1109,56,1331,347
Brand006.jpg,4000,2000,pepsi,1357,1736,1686,1990
Brand005.jpg,4000,2000,pepsi,1035,1006,1572,1529
Brand259.jpg,4000,2000,kurkure,2454,870,2718,1211
Brand259.jpg,4000,2000,pepsi,2118,306,2295,552
Brand259.jpg,4000,2000,Lays,2154,1374,2236,1470
Brand259.jpg,4000,2000,Lays,1650,1447,2068,1761
Brand259.jpg,4000,2000,Coca-Cola,1277,1106,1486,1524
Brand259.jpg,4000,2000,Bisleri,995,970,1209,1197
Brand259.jpg,4000,2000,kurkure,1177,697,1245,802
Brand259.jpg,4000,2000,pepsi,1495,506,1681,702
Brand259.jpg,4000,2000,tooyumm,1600,697,1813,811
Brand271.jpg,4000,3000,Bisleri,1627,2029,1922,2311
Brand271.jpg,4000,3000,Bisleri,1077,1188,1327,1520
Brand271.jpg,4000,3000,Bisleri,595,843,831,1256
Brand271.jpg,4000,3000,kurkure,1390,1647,1613,1902
Brand271.jpg,4000,3000,Lays,1772,2315,2131,2624
Brand271.jpg,4000,3000,kurkure,1736,2602,1945,2652
Brand271.jpg,4000,3000,Coca-Cola,2463,2597,2563,2888
Brand271.jpg,4000,3000,Coca-Cola,2681,2243,2854,2661
Brand271.jpg,4000,3000,Lays,2977,1747,3395,2161
Brand271.jpg,4000,3000,kurkure,2404,1474,2595,1743
Brand271.jpg,4000,3000,Lays,2045,1234,2327,1561
Brand271.jpg,4000,3000,Lays,2236,788,2690,1197
Brand271.jpg,4000,3000,tooyumm,3195,1543,3400,1652
Brand271.jpg,4000,3000,tooyumm,2881,911,3036,1043
Brand271.jpg,4000,3000,Lays,2359,352,2631,497
Brand271.jpg,4000,3000,Bisleri,1695,1147,1963,1379
Brand271.jpg,4000,3000,kurkure,1636,688,1986,1011
Brand271.jpg,4000,3000,kurkure,2127,315,2200,420
Brand271.jpg,4000,3000,kurkure,1413,902,1640,1193
Brand271.jpg,4000,3000,tooyumm,2250,1847,2350,1929
Brand353.jpg,4096,2304,tooyumm,2296,569,2867,1688
Brand059.jpg,4000,3000,Lays,1744,1302,2608,2170
Brand096.jpg,4000,2000,tooyumm,1477,1015,1831,1352
Brand096.jpg,4000,2000,Lays,1877,352,2418,920
Brand096.jpg,4000,2000,kurkure,2159,1052,2281,1302
Brand133.jpg,4608,3456,Bisleri,1798,1288,2808,2114
Brand133.jpg,4608,3456,Bisleri,2803,1072,3861,1883
Brand164.jpg,3456,4608,Bisleri,1464,2478,1814,3528
Brand164.jpg,3456,4608,Bisleri,414,4200,1185,4607
Brand164.jpg,3456,4608,Bisleri,1707,1964,2021,2328
Brand164.jpg,3456,4608,kurkure,885,1850,1335,2421
Brand164.jpg,3456,4608,tooyumm,1114,635,1478,1300
Brand164.jpg,3456,4608,Coca-Cola,2335,578,2614,743
Brand164.jpg,3456,4608,Lays,3021,1164,3371,1757
Brand337.jpg,648,1152,kurkure,279,613,329,659
Brand208.jpg,4608,3456,tooyumm,3166,1325,3345,1693
Brand208.jpg,4608,3456,tooyumm,982,1683,1308,2120
Brand208.jpg,4608,3456,Bisleri,2371,130,2698,320
Brand208.jpg,4608,3456,pepsi,3750,72,3924,378
Brand208.jpg,4608,3456,Coca-Cola,2987,609,3377,1078
Brand085.jpg,4000,2000,tooyumm,1295,406,1545,934
Brand085.jpg,4000,2000,kurkure,881,1193,1095,1738
Brand085.jpg,4000,2000,Lays,2027,1202,2577,1638
Brand047.jpg,4000,3000,Lays,1777,661,2431,1434
Brand047.jpg,4000,3000,Lays,1631,1747,2186,2456
Brand400.jpg,4096,2304,tooyumm,2300,1473,2853,1907
Brand400.jpg,4096,2304,Lays,3196,849,3591,1340
Brand400.jpg,4096,2304,tooyumm,1948,30,2372,559
Brand010.jpg,4000,2000,kurkure,1163,974,1590,1502
Brand388.jpg,2304,4096,tooyumm,1451,1538,1995,2388
Brand180.jpg,3456,4608,kurkure,435,3221,949,3564
Brand180.jpg,3456,4608,Lays,1292,2843,1999,3585
Brand180.jpg,3456,4608,Lays,1435,1257,1714,1450
Brand180.jpg,3456,4608,kurkure,2378,3328,2635,3464
Brand180.jpg,3456,4608,tooyumm,2414,1850,3142,2335
Brand180.jpg,3456,4608,tooyumm,2242,814,2664,1621
Brand052.jpg,4000,3000,Lays,1859,1915,2327,2470
Brand052.jpg,4000,3000,Lays,2640,1211,3090,1815
Brand052.jpg,4000,3000,Lays,1272,1306,1745,1697
Brand052.jpg,4000,3000,Lays,2213,524,2572,924
Brand143.jpg,3456,4608,Bisleri,864,4057,2049,4571
Brand154.jpg,4000,3000,pepsi,1504,1215,2004,1761
Brand154.jpg,4000,3000,pepsi,2331,1974,2840,2406
Brand012.jpg,4000,3000,Lays,1372,1102,2159,2056
Brand058.jpg,4000,3000,Lays,1795,1520,2668,2238
Brand390.jpg,4096,2304,tooyumm,1377,1383,2348,1673
Brand390.jpg,4096,2304,kurkure,3758,678,3919,1102
Brand080.jpg,4000,3000,kurkure,1159,852,1709,1152
Brand080.jpg,4000,3000,kurkure,2050,1693,2595,1938
Brand080.jpg,4000,3000,Lays,440,761,1072,1206
Brand080.jpg,4000,3000,Lays,1890,1302,2036,1434
Brand080.jpg,4000,3000,tooyumm,1254,1538,1668,2093
Brand080.jpg,4000,3000,tooyumm,3013,920,3504,1302
Brand268.jpg,4000,3000,Bisleri,1322,2606,1600,2993
Brand268.jpg,4000,3000,Bisleri,2440,1643,2895,1911
Brand268.jpg,4000,3000,Bisleri,477,1679,868,2111
Brand268.jpg,4000,3000,Bisleri,1263,1534,1613,1829
Brand268.jpg,4000,3000,kurkure,1627,1720,2027,1906
Brand268.jpg,4000,3000,kurkure,1436,1093,1604,1465
Brand268.jpg,4000,3000,Lays,2886,1797,3413,2088
Brand268.jpg,4000,3000,Coca-Cola,3627,1493,3995,1761
Brand268.jpg,4000,3000,Coca-Cola,3486,1120,3945,1479
Brand268.jpg,4000,3000,tooyumm,2786,1124,2968,1261
Brand268.jpg,4000,3000,Lays,3213,570,3722,784
Brand268.jpg,4000,3000,Lays,2672,324,3086,734
Brand268.jpg,4000,3000,kurkure,1563,415,1677,565
Brand268.jpg,4000,3000,Lays,1872,188,2109,429
Brand268.jpg,4000,3000,pepsi,2027,547,2259,738
Brand268.jpg,4000,3000,tooyumm,1904,943,2109,1156
Brand268.jpg,4000,3000,pepsi,2268,1043,2568,1165
Brand268.jpg,4000,3000,tooyumm,2322,352,2540,497
Brand363.jpg,4096,2304,Bisleri,228,1407,809,1816
Brand363.jpg,4096,2304,tooyumm,1924,1130,2505,1449
Brand363.jpg,4096,2304,tooyumm,1858,473,2096,811
Brand195.jpg,4608,3456,Lays,1287,820,1803,1393
Brand195.jpg,4608,3456,pepsi,2771,1662,3119,1904
Brand195.jpg,4608,3456,Lays,2208,1925,2371,2041
Brand195.jpg,4608,3456,Bisleri,1898,2325,2193,2714
Brand195.jpg,4608,3456,Coca-Cola,3671,2067,4082,2425
Brand195.jpg,4608,3456,tooyumm,4435,1846,4608,2093
Brand195.jpg,4608,3456,kurkure,3766,2641,3956,2851
Brand195.jpg,4608,3456,kurkure,756,3246,1003,3351
Brand073.jpg,4000,2000,Lays,677,670,1222,1074
Brand073.jpg,4000,2000,Lays,995,1311,1395,1693
Brand073.jpg,4000,2000,Lays,1804,1215,2309,1711
Brand073.jpg,4000,2000,kurkure,2022,688,2504,856
Brand073.jpg,4000,2000,kurkure,1404,838,1859,1024
Brand376.jpg,2304,4096,tooyumm,1183,3182,1651,3413
Brand020.jpg,4000,2000,kurkure,1050,270,1459,479
Brand020.jpg,4000,2000,kurkure,2240,38,2531,197
Brand136.jpg,4608,3456,Bisleri,1856,2020,2545,3114
Brand136.jpg,4608,3456,Bisleri,1898,1035,2608,2009
Brand008.jpg,4000,2000,pepsi,1804,1070,2363,1729
Brand008.jpg,4000,2000,pepsi,350,897,668,1384
Brand352.jpg,2304,4096,tooyumm,620,1113,1876,1726
Brand336.jpg,648,1152,Bisleri,211,551,282,644
Brand030.jpg,4000,3000,Lays,1459,1097,2368,2143
Brand140.jpg,4608,3456,Bisleri,2124,1130,2393,2020
Brand140.jpg,4608,3456,Bisleri,3471,1241,3950,1778
Brand192.jpg,4000,2000,tooyumm,2040,338,2390,929
Brand192.jpg,4000,2000,Lays,1154,1284,1363,1447
Brand192.jpg,4000,2000,kurkure,1990,1211,2136,1434
Brand192.jpg,4000,2000,Lays,1490,1429,1709,1565
Brand192.jpg,4000,2000,Coca-Cola,1631,211,1768,597
Brand192.jpg,4000,2000,pepsi,3436,29,3631,193
Brand192.jpg,4000,2000,Bisleri,3827,519,4000,734
Brand313.jpg,4608,3456,Lays,2935,872,3314,1283
Brand313.jpg,4608,3456,Lays,2224,2125,2535,2614
Brand313.jpg,4608,3456,Lays,2677,2499,3114,2899
Brand313.jpg,4608,3456,kurkure,2587,1320,2729,1504
Brand313.jpg,4608,3456,kurkure,3993,799,4224,1220
Brand342.jpg,648,1152,Lays,315,480,335,494
Brand120.jpg,4608,3456,Coca-Cola,2535,1162,3466,1535
Brand034.jpg,4000,2000,kurkure,572,1024,1086,1152
Brand034.jpg,4000,2000,kurkure,1540,465,2009,1061
Brand034.jpg,4000,2000,kurkure,490,220,1186,788
Brand214.jpg,4608,3456,Bisleri,2840,1704,3124,1899
Brand214.jpg,4608,3456,Lays,3514,1425,3856,1693
Brand214.jpg,4608,3456,kurkure,3066,2151,3245,2399
Brand214.jpg,4608,3456,Bisleri,2240,2572,2545,2751
Brand214.jpg,4608,3456,Coca-Cola,2877,2893,3198,3272
Brand214.jpg,4608,3456,kurkure,2640,2972,2766,3072
Brand062.jpg,4000,2000,kurkure,895,611,1159,852
Brand062.jpg,4000,2000,kurkure,1459,584,2072,774
Brand062.jpg,4000,2000,kurkure,1372,1238,1531,1906
Brand027.jpg,4000,3000,Lays,1863,1324,2781,2165
Brand420.jpg,4096,2304,Lays,566,788,1124,1273
Brand420.jpg,4096,2304,tooyumm,1448,607,1991,988
Brand420.jpg,4096,2304,kurkure,2567,1440,2886,1669
Brand420.jpg,4096,2304,Lays,3191,1111,3619,1569
Brand184.jpg,4000,2000,tooyumm,959,915,1200,1156
Brand184.jpg,4000,2000,Lays,445,274,954,734
Brand184.jpg,4000,2000,Lays,2109,624,2600,1211
Brand184.jpg,4000,2000,kurkure,1940,1411,2145,1638
Brand093.jpg,4000,3000,kurkure,2377,1324,2677,2065
Brand093.jpg,4000,3000,tooyumm,1327,1256,1631,1452
Brand093.jpg,4000,3000,Lays,2036,252,2540,752
Brand387.jpg,2304,4096,kurkure,1664,1651,1876,1963
Brand102.jpg,4000,3000,kurkure,3272,1461,3709,1834
Brand102.jpg,4000,3000,kurkure,2790,765,2968,1024
Brand102.jpg,4000,3000,kurkure,922,1397,1104,1497
Brand102.jpg,4000,3000,Lays,218,1456,618,1865
Brand102.jpg,4000,3000,Lays,2572,1593,2945,1911
Brand102.jpg,4000,3000,Lays,2013,670,2404,1079
Brand102.jpg,4000,3000,tooyumm,981,1724,1377,2093
Brand102.jpg,4000,3000,tooyumm,1959,2106,2268,2524
Brand102.jpg,4000,3000,tooyumm,2840,2202,3272,2634
Brand187.jpg,4000,2000,Lays,1263,1047,1390,1302
Brand187.jpg,4000,2000,Coca-Cola,1059,379,1504,688
Brand187.jpg,4000,2000,kurkure,145,1288,763,1502
Brand187.jpg,4000,2000,tooyumm,572,220,836,420
Brand187.jpg,4000,2000,Bisleri,3481,393,3777,665
Brand200.jpg,4608,3456,tooyumm,2335,1435,2650,1672
Brand200.jpg,4608,3456,Coca-Cola,1608,1520,2071,1862
Brand200.jpg,4608,3456,pepsi,961,914,1224,1135
Brand200.jpg,4608,3456,Lays,308,962,493,1093
Brand200.jpg,4608,3456,Bisleri,1,1282,182,1509
Brand200.jpg,4608,3456,Bisleri,1014,2314,1324,2625
Brand416.jpg,4096,2304,Lays,2219,873,2858,1411
Brand416.jpg,4096,2304,kurkure,1686,1030,1810,1230
Brand416.jpg,4096,2304,tooyumm,4034,659,4096,987
Brand135.jpg,4000,3000,Bisleri,1268,1015,2154,1620
Brand135.jpg,4000,3000,Bisleri,2304,1288,3095,1656
Brand135.jpg,4000,3000,Coca-Cola,3031,1179,3413,1406
Brand110.jpg,4000,3000,Bisleri,1740,1034,2468,1674
Brand377.jpg,2304,4096,tooyumm,445,1970,920,2682
Brand377.jpg,2304,4096,tooyumm,1114,1338,1551,1632
Brand377.jpg,2304,4096,tooyumm,539,3501,758,3707
Brand309.jpg,4608,3456,Lays,2935,1730,3393,2109
Brand309.jpg,4608,3456,Lays,1608,2193,2003,2667
Brand309.jpg,4608,3456,Lays,2850,3099,3287,3399
Brand309.jpg,4608,3456,Lays,2761,2609,3135,2983
Brand309.jpg,4608,3456,kurkure,3666,2946,3882,3199
Brand309.jpg,4608,3456,kurkure,3729,2393,4019,2662
Brand309.jpg,4608,3456,kurkure,2514,1820,2719,1941
Brand309.jpg,4608,3456,kurkure,2419,2620,2614,2983
Brand309.jpg,4608,3456,tooyumm,3261,2814,3608,3030
Brand309.jpg,4608,3456,tooyumm,1519,2735,1714,2914
Brand309.jpg,4608,3456,tooyumm,2045,3272,2439,3456
Brand309.jpg,4608,3456,kurkure,3535,3351,3687,3456
Brand279.jpg,4608,3456,Bisleri,1,1779,193,2041
Brand279.jpg,4608,3456,Bisleri,1,1120,124,1462
Brand279.jpg,4608,3456,Coca-Cola,1,2415,366,2667
Brand279.jpg,4608,3456,Lays,1824,2525,2245,2862
Brand279.jpg,4608,3456,Lays,3219,2320,3603,2788
Brand279.jpg,4608,3456,Lays,2293,1830,2593,2220
Brand279.jpg,4608,3456,kurkure,2629,1967,2871,2188
Brand279.jpg,4608,3456,kurkure,1387,1899,1571,2214
Brand279.jpg,4608,3456,kurkure,1635,993,1882,1293
Brand279.jpg,4608,3456,kurkure,1561,1420,1782,1646
Brand279.jpg,4608,3456,Lays,2650,883,3003,1104
Brand279.jpg,4608,3456,tooyumm,2940,1346,3329,1625
Brand279.jpg,4608,3456,tooyumm,3498,2088,3756,2241
Brand279.jpg,4608,3456,Lays,2145,1320,2487,1725
Brand279.jpg,4608,3456,tooyumm,1808,1656,2108,1899
Brand279.jpg,4608,3456,kurkure,2403,2893,2614,2999
Brand274.jpg,4000,3000,Lays,2454,1806,2790,2184
Brand274.jpg,4000,3000,kurkure,2781,1334,2909,1529
Brand274.jpg,4000,3000,kurkure,1822,2374,2095,2611
Brand274.jpg,4000,3000,kurkure,1340,2120,1640,2406
Brand274.jpg,4000,3000,kurkure,1063,1661,1368,1947
Brand274.jpg,4000,3000,tooyumm,1622,1761,1790,2088
Brand274.jpg,4000,3000,Lays,1754,1311,2109,1638
Brand274.jpg,4000,3000,Lays,1281,997,1704,1420
Brand274.jpg,4000,3000,Lays,972,979,1140,1215
Brand274.jpg,4000,3000,tooyumm,1518,702,1668,897
Brand274.jpg,4000,3000,tooyumm,2140,338,2245,538
Brand274.jpg,4000,3000,Lays,2322,429,2722,824
Brand274.jpg,4000,3000,kurkure,1950,1061,2236,1234
Brand162.jpg,3456,4608,kurkure,542,2157,999,2814
Brand162.jpg,3456,4608,tooyumm,721,935,1185,1614
Brand162.jpg,3456,4608,Bisleri,1192,2850,1578,3785
Brand162.jpg,3456,4608,Bisleri,1399,2157,1842,2585
Brand162.jpg,3456,4608,Coca-Cola,1907,835,2235,1000
Brand162.jpg,3456,4608,Lays,2714,1335,3042,1914
Brand162.jpg,3456,4608,pepsi,2999,93,3221,328
Brand269.jpg,4000,3000,Lays,1381,1884,1772,2274
Brand269.jpg,4000,3000,Bisleri,1463,1524,1700,1874
Brand269.jpg,4000,3000,Bisleri,440,952,800,1238
Brand269.jpg,4000,3000,kurkure,1300,979,1513,1202
Brand269.jpg,4000,3000,Bisleri,1331,597,1490,879
Brand269.jpg,4000,3000,Bisleri,1068,115,1263,384
Brand269.jpg,4000,3000,kurkure,1722,638,2063,747
Brand269.jpg,4000,3000,kurkure,2559,443,2736,593
Brand269.jpg,4000,3000,Lays,2781,652,3059,811
Brand269.jpg,4000,3000,pepsi,2586,929,2763,1120
Brand269.jpg,4000,3000,tooyumm,2877,1088,3186,1347
Brand269.jpg,4000,3000,Lays,2713,1420,3150,1756
Brand269.jpg,4000,3000,Lays,2709,2006,3036,2384
Brand269.jpg,4000,3000,Coca-Cola,2154,2334,2413,2688
Brand269.jpg,4000,3000,Coca-Cola,1900,2452,2036,2670
Brand269.jpg,4000,3000,tooyumm,2150,1684,2281,1752
Brand269.jpg,4000,3000,pepsi,2059,1256,2236,1447
Brand269.jpg,4000,3000,tooyumm,1900,911,2213,1070
Brand141.jpg,3456,4608,Bisleri,164,2235,1121,2885
Brand141.jpg,3456,4608,Bisleri,1,3615,757,4221
Brand147.jpg,3456,4608,Bisleri,1335,2714,2714,3357
Brand147.jpg,3456,4608,Bisleri,2957,2910,3456,3421
Brand422.jpg,4096,2304,Lays,514,1273,1143,1692
Brand422.jpg,4096,2304,Lays,1405,1326,1924,1783
Brand422.jpg,4096,2304,tooyumm,2162,669,2662,1021
Brand422.jpg,4096,2304,kurkure,3181,1521,3529,1669
Brand016.jpg,4000,2000,kurkure,1236,579,1500,965
Brand266.jpg,4000,3000,Lays,1181,2052,1513,2311
Brand266.jpg,4000,3000,tooyumm,963,1688,1286,1911
Brand266.jpg,4000,3000,Lays,940,1270,1290,1588
Brand266.jpg,4000,3000,Lays,845,793,1113,1152
Brand266.jpg,4000,3000,Coca-Cola,1254,470,1427,797
Brand266.jpg,4000,3000,Coca-Cola,1490,329,1581,543
Brand266.jpg,4000,3000,Lays,1804,493,2104,779
Brand266.jpg,4000,3000,tooyumm,1590,984,1663,1152
Brand266.jpg,4000,3000,Bisleri,1959,761,2259,993
Brand266.jpg,4000,3000,Bisleri,2954,911,3245,1229
Brand266.jpg,4000,3000,kurkure,2318,1229,2604,1374
Brand266.jpg,4000,3000,pepsi,1681,1243,1872,1515
Brand266.jpg,4000,3000,tooyumm,1827,1497,2113,1647
Brand266.jpg,4000,3000,Bisleri,2486,1506,2722,1747
Brand266.jpg,4000,3000,Bisleri,2936,1770,3222,2170
Brand266.jpg,4000,3000,kurkure,2118,1756,2395,2006
Brand266.jpg,4000,3000,kurkure,1586,2224,1727,2452
Brand266.jpg,4000,3000,pepsi,1381,1761,1654,1956
Brand292.jpg,4000,3000,Lays,827,1115,1354,1629
Brand292.jpg,4000,3000,tooyumm,631,1711,900,1829
Brand292.jpg,4000,3000,kurkure,1572,1943,1772,2315
Brand292.jpg,4000,3000,Lays,2027,2006,2472,2584
Brand292.jpg,4000,3000,Lays,2718,1179,3281,1693
Brand292.jpg,4000,3000,kurkure,2200,961,2431,1156
Brand292.jpg,4000,3000,kurkure,3504,2329,3831,2752
Brand292.jpg,4000,3000,tooyumm,2618,2674,3104,2893
Brand292.jpg,4000,3000,Lays,1918,2884,2472,3000
Brand292.jpg,4000,3000,tooyumm,1009,2561,1427,2997
Brand283.jpg,4000,3000,Coca-Cola,1309,1184,1709,1365
Brand283.jpg,4000,3000,Coca-Cola,1968,1756,2281,1861
Brand283.jpg,4000,3000,Bisleri,1763,2429,2040,2806
Brand283.jpg,4000,3000,Bisleri,1472,1797,1718,2134
Brand283.jpg,4000,3000,pepsi,2731,1884,3072,2234
Brand283.jpg,4000,3000,pepsi,2450,2365,2595,2479
Brand283.jpg,4000,3000,Bisleri,2668,1084,3227,1361
Brand283.jpg,4000,3000,pepsi,2263,734,2577,979
Brand283.jpg,4000,3000,Bisleri,1809,788,2077,1102
Brand283.jpg,4000,3000,kurkure,313,2288,513,2556
Brand283.jpg,4000,3000,kurkure,222,2611,327,2852
Brand283.jpg,4000,3000,Lays,1,1458,168,1652
Brand283.jpg,4000,3000,kurkure,313,1838,381,1984
Brand306.jpg,4000,3000,Bisleri,2759,1324,3677,1893
Brand306.jpg,4000,3000,Bisleri,1686,1288,2309,1588
Brand306.jpg,4000,3000,Coca-Cola,595,670,1095,1306
Brand306.jpg,4000,3000,Coca-Cola,2095,65,2336,602
Brand356.jpg,4096,2304,tooyumm,1291,288,2334,749
Brand302.jpg,4608,3456,Coca-Cola,3361,1793,3524,2062
Brand302.jpg,4608,3456,Coca-Cola,2503,2493,2693,3046
Brand302.jpg,4608,3456,pepsi,2161,1204,2408,1625
Brand302.jpg,4608,3456,pepsi,3608,862,3998,1172
Brand302.jpg,4608,3456,Bisleri,2635,999,2977,1178
Brand302.jpg,4608,3456,Bisleri,2145,1730,2487,2199
Brand302.jpg,4608,3456,Bisleri,3387,2514,3787,2883
Brand302.jpg,4608,3456,Bisleri,4061,2157,4608,2588
Brand375.jpg,2304,4096,tooyumm,1701,2051,1933,2501
Brand068.jpg,4000,3000,Lays,1759,2065,2259,2602
Brand068.jpg,4000,3000,Lays,1077,1911,1431,2265
Brand068.jpg,4000,3000,kurkure,1704,1084,1936,1620
Brand068.jpg,4000,3000,Lays,1522,293,1931,834
Brand370.jpg,2304,4096,tooyumm,1201,2001,1670,2826
Brand142.jpg,4000,3000,pepsi,1359,1147,1954,1615
Brand142.jpg,4000,3000,pepsi,2327,1097,2881,1629
Brand111.jpg,4000,3000,Bisleri,2145,1234,2863,1797
Brand186.jpg,4000,2000,Coca-Cola,1890,779,2022,1124
Brand186.jpg,4000,2000,Bisleri,936,293,1331,820
Brand186.jpg,4000,2000,Lays,1004,1011,1454,1588
Brand186.jpg,4000,2000,Lays,2572,534,3195,1143
Brand186.jpg,4000,2000,tooyumm,1709,1365,1963,1529
Brand186.jpg,4000,2000,kurkure,2809,1365,3154,1584
Brand210.jpg,4608,3456,Bisleri,2514,1188,2850,1451
Brand210.jpg,4608,3456,Lays,3661,835,4182,1278
Brand210.jpg,4608,3456,Bisleri,1808,2325,2040,2583
Brand210.jpg,4608,3456,kurkure,2177,2814,2408,2914
Brand210.jpg,4608,3456,Coca-Cola,2550,2699,2908,3120
Brand210.jpg,4608,3456,pepsi,3108,2014,3329,2341
Brand210.jpg,4608,3456,Lays,3014,1541,3150,1662
Brand210.jpg,4608,3456,Lays,766,630,903,778
Brand210.jpg,4608,3456,tooyumm,2840,3414,2984,3456
Brand215.jpg,4608,3456,Bisleri,2319,2562,2503,2762
Brand215.jpg,4608,3456,Bisleri,2766,1714,3108,1904
Brand215.jpg,4608,3456,kurkure,3066,2167,3245,2446
Brand215.jpg,4608,3456,Lays,3545,1446,3861,1793
Brand215.jpg,4608,3456,Coca-Cola,2924,2930,3193,3267
Brand215.jpg,4608,3456,kurkure,2624,2983,2803,3083
Brand109.jpg,4000,3000,Bisleri,1900,356,2272,906
Brand109.jpg,4000,3000,Bisleri,1345,1561,1681,1665
Brand109.jpg,4000,3000,Bisleri,1881,1547,2363,2034
Brand109.jpg,4000,3000,Bisleri,2795,1852,3190,2211
Brand414.jpg,4096,2304,Lays,1881,588,2438,1169
Brand414.jpg,4096,2304,tooyumm,2972,245,3553,492
Brand349.jpg,2304,4096,tooyumm,195,1870,545,2470
Brand021.jpg,4000,3000,Lays,1859,1679,2754,2515
Brand190.jpg,4000,2000,Lays,2290,1120,2909,1706
Brand190.jpg,4000,2000,Coca-Cola,859,1443,1254,1579
Brand190.jpg,4000,2000,tooyumm,1609,624,1800,884
Brand190.jpg,4000,2000,Lays,1800,1343,1945,1579
Brand190.jpg,4000,2000,kurkure,2236,643,2454,774
Brand175.jpg,3456,4608,tooyumm,292,621,1057,1235
Brand175.jpg,3456,4608,tooyumm,1385,671,1949,1457
Brand175.jpg,3456,4608,kurkure,1649,3507,2021,3928
Brand175.jpg,3456,4608,Lays,235,1678,464,2014
Brand175.jpg,3456,4608,Lays,1828,2335,2628,3050
Brand175.jpg,3456,4608,kurkure,2692,1778,2935,2078
Brand175.jpg,3456,4608,Lays,2271,1,2499,214
Brand182.jpg,4000,2000,kurkure,1750,906,2159,1538
Brand413.jpg,4096,2304,Lays,1881,807,2477,1321
Brand413.jpg,4096,2304,kurkure,928,311,1291,416
Brand413.jpg,4096,2304,tooyumm,2862,445,3434,716
Brand314.jpg,4608,3456,Lays,2298,672,2671,1093
Brand314.jpg,4608,3456,kurkure,2193,1330,2277,1509
Brand314.jpg,4608,3456,Lays,2298,2230,2750,2578
Brand314.jpg,4608,3456,Lays,3024,2220,3266,2620
Brand314.jpg,4608,3456,Lays,3540,1025,4156,1346
Brand314.jpg,4608,3456,kurkure,4156,578,4498,856
Brand314.jpg,4608,3456,kurkure,3756,462,3971,720
Brand314.jpg,4608,3456,kurkure,3198,151,3424,425
Brand314.jpg,4608,3456,tooyumm,3898,2051,4277,2420
Brand314.jpg,4608,3456,kurkure,3282,1546,3540,1809
Brand314.jpg,4608,3456,tooyumm,2824,2604,2977,2841
Brand314.jpg,4608,3456,tooyumm,3424,704,3640,941
Brand314.jpg,4608,3456,tooyumm,2824,1399,3019,1641
Brand037.jpg,4000,3000,Lays,1613,1461,1809,1715
Brand076.jpg,4000,3000,kurkure,1536,1788,1709,1984
Brand076.jpg,4000,3000,kurkure,1886,1724,2140,1797
Brand076.jpg,4000,3000,Lays,2313,1806,2431,2002
Brand076.jpg,4000,3000,Lays,2231,1174,2313,1297
Brand076.jpg,4000,3000,Lays,1545,820,2072,1361
Brand198.jpg,4608,3456,Bisleri,761,730,1145,1351
Brand198.jpg,4608,3456,Lays,1250,356,1414,493
Brand198.jpg,4608,3456,pepsi,1887,183,2119,446
Brand198.jpg,4608,3456,kurkure,2598,1256,2719,1520
Brand198.jpg,4608,3456,Coca-Cola,2566,751,2998,1099
Brand198.jpg,4608,3456,Bisleri,2145,1651,2356,1941
Brand198.jpg,4608,3456,tooyumm,3324,588,3645,788
Brand198.jpg,4608,3456,tooyumm,3887,2725,4398,3067
Brand050.jpg,4000,3000,Lays,709,897,1240,1529
Brand050.jpg,4000,3000,Lays,1113,1847,1390,2384
Brand050.jpg,4000,3000,Lays,2195,1820,2781,2434
Brand050.jpg,4000,3000,Lays,2313,866,2872,1525
Brand281.jpg,3456,4608,tooyumm,1178,3564,1407,3821
Brand281.jpg,3456,4608,Lays,664,3257,1142,3614
Brand281.jpg,3456,4608,Lays,2364,2657,2635,2985
Brand281.jpg,3456,4608,tooyumm,1778,2914,2128,3307
Brand281.jpg,3456,4608,kurkure,1185,2685,1464,2871
Brand281.jpg,3456,4608,Lays,1192,2250,1642,2593
Brand281.jpg,3456,4608,Lays,1799,2064,2099,2550
Brand281.jpg,3456,4608,kurkure,2192,1621,2485,1885
Brand281.jpg,3456,4608,kurkure,1828,1571,2092,1778
Brand281.jpg,3456,4608,tooyumm,1549,1793,1814,2114
Brand281.jpg,3456,4608,kurkure,1264,1378,1571,1600
Brand281.jpg,3456,4608,Lays,514,1864,964,2228
Brand281.jpg,3456,4608,kurkure,442,2485,542,2643
Brand281.jpg,3456,4608,Coca-Cola,776,1,964,293
Brand281.jpg,3456,4608,Bisleri,1414,1,1608,200
Brand281.jpg,3456,4608,Bisleri,1957,1,2215,78
Brand056.jpg,4000,3000,Lays,1500,1210,2309,2251
Brand265.jpg,4000,3000,Lays,1559,1406,1881,1793
Brand265.jpg,4000,3000,Bisleri,986,2238,1450,2434
Brand265.jpg,4000,3000,Bisleri,1036,1015,1345,1443
Brand265.jpg,4000,3000,Lays,1327,184,1636,497
Brand265.jpg,4000,3000,tooyumm,1722,452,2054,697
Brand265.jpg,4000,3000,Lays,1831,815,2254,1247
Brand265.jpg,4000,3000,Bisleri,2118,1393,2386,1706
Brand265.jpg,4000,3000,kurkure,2318,1893,2581,2093
Brand265.jpg,4000,3000,Lays,1636,2084,2059,2515
Brand265.jpg,4000,3000,tooyumm,3081,2452,3390,2674
Brand265.jpg,4000,3000,Coca-Cola,3131,1620,3345,2043
Brand265.jpg,4000,3000,kurkure,3363,1106,3781,1552
Brand265.jpg,4000,3000,Bisleri,2927,756,3345,1079
Brand265.jpg,4000,3000,tooyumm,2663,2734,2854,2884
Brand412.jpg,4096,2304,kurkure,1196,102,1577,207
Brand412.jpg,4096,2304,Lays,2134,602,2719,1126
Brand412.jpg,4096,2304,tooyumm,3143,802,3577,1259
Brand079.jpg,4000,2000,Lays,1359,1443,1454,1561
Brand079.jpg,4000,2000,Lays,1854,1270,2013,1384
Brand079.jpg,4000,2000,Lays,1304,834,1409,984
Brand079.jpg,4000,2000,kurkure,1877,788,2050,934
Brand079.jpg,4000,2000,kurkure,1577,993,1754,1070
Brand041.jpg,4000,3000,Lays,1663,1388,2509,2293
Brand350.jpg,2304,4096,tooyumm,1576,1251,2051,1845
Brand173.jpg,3456,4608,tooyumm,2514,1278,2957,2050
Brand173.jpg,3456,4608,Lays,1699,1535,1985,1771
Brand173.jpg,3456,4608,tooyumm,2578,2378,3299,2685
Brand173.jpg,3456,4608,kurkure,2264,3685,2578,3835
Brand173.jpg,3456,4608,Lays,1364,3143,1942,3857
Brand173.jpg,3456,4608,kurkure,507,3364,964,3750
Brand163.jpg,3456,4608,Bisleri,514,4207,1207,4585
Brand163.jpg,3456,4608,Bisleri,1514,2507,1835,3214
Brand163.jpg,3456,4608,kurkure,885,1807,1314,2457
Brand163.jpg,3456,4608,Bisleri,1721,1935,2064,2300
Brand163.jpg,3456,4608,tooyumm,1085,657,1528,1285
Brand163.jpg,3456,4608,Coca-Cola,2292,564,2607,778
Brand163.jpg,3456,4608,Lays,3057,1150,3364,1743
Brand171.jpg,4000,2000,Coca-Cola,2418,1088,2559,1388
Brand171.jpg,4000,2000,tooyumm,1650,129,2022,547
Brand171.jpg,4000,2000,Lays,1613,1802,2062,2000
Brand171.jpg,4000,2000,kurkure,922,311,1345,502
Brand171.jpg,4000,2000,Bisleri,245,720,463,874
Brand171.jpg,4000,2000,Bisleri,713,820,1131,1029
Brand171.jpg,4000,2000,Bisleri,1168,865,1568,1206
Brand043.jpg,4000,2000,kurkure,1040,365,1236,793
Brand043.jpg,4000,2000,kurkure,1468,1197,1586,1484
Brand043.jpg,4000,2000,kurkure,1040,1602,1290,1824
Brand138.jpg,4608,3456,Bisleri,1687,1699,2808,2435
Brand138.jpg,4608,3456,Bisleri,3708,1435,4082,2162
Brand075.jpg,4000,2000,Lays,1459,997,1586,1165
Brand075.jpg,4000,2000,Lays,1190,1384,1554,1702
Brand075.jpg,4000,2000,Lays,2172,1302,2331,1434
Brand075.jpg,4000,2000,kurkure,1600,965,2022,1120
Brand075.jpg,4000,2000,kurkure,2054,824,2236,952
Brand097.jpg,4000,3000,kurkure,2113,1006,2818,1320
Brand097.jpg,4000,3000,Lays,1377,874,1890,1224
Brand097.jpg,4000,3000,tooyumm,1750,2197,2368,2670
Brand385.jpg,2304,4096,tooyumm,1264,1863,1551,2488
Brand385.jpg,2304,4096,tooyumm,1264,670,1520,1113
Brand385.jpg,2304,4096,tooyumm,1195,2720,1458,3095
Brand099.jpg,4000,3000,tooyumm,1486,1920,1740,2447
Brand099.jpg,4000,3000,tooyumm,2468,2361,2950,2811
Brand099.jpg,4000,3000,tooyumm,231,1729,645,2243
Brand099.jpg,4000,3000,Lays,2240,1611,2568,1988
Brand099.jpg,4000,3000,Lays,1672,634,2068,1074
Brand099.jpg,4000,3000,kurkure,2490,761,2709,1020
Brand099.jpg,4000,3000,kurkure,3018,1538,3509,1929
Brand099.jpg,4000,3000,kurkure,390,1347,613,1438
Brand099.jpg,4000,3000,Lays,209,1424,281,1565
Brand032.jpg,4000,3000,Lays,1613,1715,1877,1974
Brand312.jpg,4608,3456,kurkure,2766,2683,2993,2946
Brand312.jpg,4608,3456,kurkure,3924,2109,4156,2388
Brand312.jpg,4608,3456,kurkure,3882,2667,4024,2962
Brand312.jpg,4608,3456,kurkure,3814,3099,4177,3388
Brand312.jpg,4608,3456,kurkure,2561,1662,2777,1778
Brand312.jpg,4608,3456,tooyumm,1656,2683,1903,2793
Brand312.jpg,4608,3456,tooyumm,2493,3335,2699,3456
Brand312.jpg,4608,3456,tooyumm,3435,2530,3761,2709
Brand312.jpg,4608,3456,Lays,3161,2809,3682,3225
Brand312.jpg,4608,3456,Lays,1677,2067,2071,2551
Brand312.jpg,4608,3456,Lays,3014,1530,3461,1825
Brand312.jpg,4608,3456,tooyumm,2787,2272,2956,2446
Brand347.jpg,2304,4096,tooyumm,595,1376,1095,1732
Brand205.jpg,4608,3456,Lays,1837,1070,2123,1228
Brand319.jpg,4608,3456,Bisleri,1261,2662,1545,3083
Brand319.jpg,4608,3456,Bisleri,882,1856,1214,2267
Brand319.jpg,4608,3456,Bisleri,1382,567,1914,793
Brand319.jpg,4608,3456,Bisleri,2498,1072,2798,1388
Brand319.jpg,4608,3456,pepsi,2040,514,2477,767
Brand319.jpg,4608,3456,pepsi,2566,2030,2877,2446
Brand319.jpg,4608,3456,Coca-Cola,1656,1783,1987,2014
Brand319.jpg,4608,3456,Coca-Cola,624,946,1277,1283
Brand310.jpg,4608,3456,Lays,2898,2162,3261,2520
Brand310.jpg,4608,3456,Lays,1450,2099,1808,2456
Brand310.jpg,4608,3456,Lays,1608,1556,1977,1967
Brand310.jpg,4608,3456,Lays,1993,3041,2424,3367
Brand310.jpg,4608,3456,kurkure,1993,2430,2208,2646
Brand310.jpg,4608,3456,Lays,2229,2588,2514,2941
Brand310.jpg,4608,3456,kurkure,3077,3135,3371,3251
Brand310.jpg,4608,3456,kurkure,2629,1878,2793,2004
Brand310.jpg,4608,3456,tooyumm,2524,2962,2824,3330
Brand134.jpg,4608,3456,Bisleri,1798,1351,2819,2135
Brand134.jpg,4608,3456,Bisleri,2787,1193,3829,1772
Brand355.jpg,4096,2304,tooyumm,809,449,1400,1654
Brand272.jpg,4000,3000,kurkure,1522,1820,1750,2074
Brand272.jpg,4000,3000,Bisleri,1090,1524,1363,1843
Brand272.jpg,4000,3000,Bisleri,500,1352,790,1779
Brand272.jpg,4000,3000,kurkure,1309,1170,1445,1443
Brand272.jpg,4000,3000,Bisleri,1472,943,1822,1115
Brand272.jpg,4000,3000,Lays,1945,524,2159,670
Brand272.jpg,4000,3000,Lays,2063,820,2422,1156
Brand272.jpg,4000,3000,tooyumm,2909,1211,3095,1320
Brand272.jpg,4000,3000,Lays,2863,1420,3231,1756
Brand272.jpg,4000,3000,Coca-Cola,2768,1934,3018,2288
Brand272.jpg,4000,3000,Lays,2059,2284,2377,2474
Brand272.jpg,4000,3000,Bisleri,1822,2061,2104,2302
Brand272.jpg,4000,3000,kurkure,2095,2420,2372,2524
Brand272.jpg,4000,3000,Coca-Cola,2713,2306,2872,2565
Brand272.jpg,4000,3000,Coca-Cola,2345,1324,2550,1570
Brand272.jpg,4000,3000,Lays,2022,1234,2295,1561
Brand272.jpg,4000,3000,Bisleri,1659,1279,1895,1479
Brand272.jpg,4000,3000,tooyumm,2540,861,2636,979
Brand065.jpg,4000,3000,Lays,1040,1965,1509,2584
Brand065.jpg,4000,3000,Lays,1436,120,1809,724
Brand065.jpg,4000,3000,Lays,2327,1220,2731,1674
Brand065.jpg,4000,3000,Lays,2445,1997,2986,2570
Brand065.jpg,4000,3000,kurkure,1159,1006,1404,1606
Brand280.jpg,4608,3456,Coca-Cola,3,2435,308,2672
Brand280.jpg,4608,3456,Bisleri,1,1753,245,2035
Brand280.jpg,4608,3456,Bisleri,1,1101,124,1472
Brand280.jpg,4608,3456,kurkure,1624,988,1893,1293
Brand280.jpg,4608,3456,kurkure,1550,1383,1808,1646
Brand280.jpg,4608,3456,kurkure,1382,1935,1582,2172
Brand280.jpg,4608,3456,Lays,1856,2488,2208,2920
Brand280.jpg,4608,3456,tooyumm,1829,1656,2114,1935
Brand280.jpg,4608,3456,Lays,2661,872,2971,1130
Brand280.jpg,4608,3456,Lays,2108,1341,2519,1704
Brand280.jpg,4608,3456,tooyumm,2914,1356,3319,1635
Brand280.jpg,4608,3456,tooyumm,3471,2146,3750,2230
Brand280.jpg,4608,3456,Lays,3161,2367,3629,2756
Brand280.jpg,4608,3456,kurkure,2414,2899,2587,2999
Brand280.jpg,4608,3456,Lays,2277,1841,2587,2262
Brand280.jpg,4608,3456,kurkure,2640,2004,2908,2209
Brand334.jpg,648,1152,Bisleri,253,597,344,668
Brand351.jpg,2304,4096,tooyumm,1770,1313,2283,2557
Brand261.jpg,4000,2000,kurkure,2418,843,2572,965
Brand261.jpg,4000,2000,Coca-Cola,1886,656,2009,893
Brand261.jpg,4000,2000,kurkure,1000,524,1104,774
Brand261.jpg,4000,2000,Lays,686,874,895,1129
Brand261.jpg,4000,2000,pepsi,1090,1406,1300,1534
Brand261.jpg,4000,2000,pepsi,245,1697,395,1870
Brand261.jpg,4000,2000,tooyumm,1809,1556,1890,1729
Brand261.jpg,4000,2000,tooyumm,1863,1211,2036,1343
Brand261.jpg,4000,2000,Bisleri,1413,1224,1545,1429
Brand261.jpg,4000,2000,Lays,644,154,731,223
Brand201.jpg,4608,3456,kurkure,1871,2104,2066,2283
Brand201.jpg,4608,3456,Bisleri,2914,1083,3250,1799
Brand201.jpg,4608,3456,Lays,3171,699,3345,835
Brand201.jpg,4608,3456,pepsi,3845,346,4040,630
Brand201.jpg,4608,3456,Lays,2363,1,2793,199
Brand201.jpg,4608,3456,Bisleri,4303,1741,4587,2214
Brand405.jpg,4096,2304,kurkure,2262,1435,2672,1678
Brand405.jpg,4096,2304,tooyumm,852,1497,1705,1859
Brand405.jpg,4096,2304,tooyumm,3434,1130,4015,1721
Brand394.jpg,4096,2304,kurkure,1719,1183,1862,1559
Brand394.jpg,4096,2304,tooyumm,2796,759,3134,935
Brand394.jpg,4096,2304,tooyumm,1448,1097,1662,1782
Brand417.jpg,4096,2304,tooyumm,1443,549,2034,969
Brand417.jpg,4096,2304,Lays,514,1121,1219,1616
Brand417.jpg,4096,2304,Lays,3000,1259,3543,1683
Brand417.jpg,4096,2304,kurkure,2324,759,2629,892
Brand295.jpg,4608,3456,Coca-Cola,2477,2367,2719,3030
Brand295.jpg,4608,3456,Coca-Cola,3277,1699,3493,1967
Brand295.jpg,4608,3456,pepsi,2103,1162,2377,1583
Brand295.jpg,4608,3456,pepsi,3540,830,3861,1146
Brand295.jpg,4608,3456,Bisleri,2077,1693,2445,2193
Brand295.jpg,4608,3456,Bisleri,2582,930,2940,1130
Brand295.jpg,4608,3456,Bisleri,3435,2441,3714,2814
Brand295.jpg,4608,3456,Bisleri,4014,2167,4598,2535
Brand378.jpg,4096,2304,tooyumm,2019,1326,2677,1645
Brand378.jpg,4096,2304,tooyumm,1448,754,1705,1107
Brand378.jpg,4096,2304,tooyumm,3624,792,3943,1416
Brand160.jpg,3456,4608,Coca-Cola,1,1475,242,1821
Brand160.jpg,3456,4608,Bisleri,1121,2221,1571,3450
Brand160.jpg,3456,4608,Bisleri,1385,1364,2071,2135
Brand160.jpg,3456,4608,pepsi,2457,1028,2949,1607
Brand160.jpg,3456,4608,pepsi,2599,393,3064,843
Brand101.jpg,4000,3000,tooyumm,1990,1634,2195,2070
Brand101.jpg,4000,3000,tooyumm,927,1502,1218,1915
Brand101.jpg,4000,3000,tooyumm,2740,1952,3131,2324
Brand101.jpg,4000,3000,Lays,263,1202,645,1570
Brand101.jpg,4000,3000,Lays,2031,443,2368,874
Brand101.jpg,4000,3000,Lays,2518,1343,2822,1674
Brand101.jpg,4000,3000,kurkure,954,1143,1095,1229
Brand101.jpg,4000,3000,kurkure,3209,1274,3613,1611
Brand101.jpg,4000,3000,kurkure,2781,584,2963,843
Brand402.jpg,4096,2304,tooyumm,2805,1269,3181,1726
Brand402.jpg,4096,2304,kurkure,2381,1245,2529,1516
Brand341.jpg,648,1152,Bisleri,223,575,299,644
Brand054.jpg,4000,3000,Lays,1781,2088,1945,2306
Brand054.jpg,4000,3000,Lays,1481,1893,1704,2102
Brand054.jpg,4000,3000,Lays,1872,938,2027,1074
Brand054.jpg,4000,3000,Lays,2504,1638,2704,1834
Brand098.jpg,4000,2000,Lays,1986,1147,2636,1638
Brand098.jpg,4000,2000,kurkure,1381,1138,1836,1611
Brand098.jpg,4000,2000,tooyumm,1422,443,1763,774
Brand129.jpg,4000,3000,Bisleri,940,1065,1590,1843
Brand129.jpg,4000,3000,Bisleri,1972,1379,2604,1724
Brand129.jpg,4000,3000,Coca-Cola,2704,1424,3136,1556
Brand303.jpg,4608,3456,Bisleri,2166,1783,2461,2230
Brand303.jpg,4608,3456,Bisleri,2640,1009,2977,1209
Brand303.jpg,4608,3456,Bisleri,3377,2578,3719,2899
Brand303.jpg,4608,3456,Bisleri,4108,2265,4608,2535
Brand303.jpg,4608,3456,Coca-Cola,2524,2604,2719,3093
Brand303.jpg,4608,3456,Coca-Cola,3329,1793,3561,2104
Brand303.jpg,4608,3456,pepsi,2145,1209,2408,1667
Brand303.jpg,4608,3456,pepsi,3603,872,3929,1172
Brand183.jpg,4000,2000,kurkure,1868,1329,2390,1647
Brand183.jpg,4000,2000,Lays,1927,397,2404,938
Brand183.jpg,4000,2000,tooyumm,704,1297,1300,1688
Brand183.jpg,4000,2000,Lays,313,738,845,1102
Brand183.jpg,4000,2000,Coca-Cola,768,215,1127,338
Brand158.jpg,4000,3000,pepsi,2404,2165,2672,2465
Brand158.jpg,4000,3000,pepsi,2895,2170,3309,2565
Brand158.jpg,4000,3000,Bisleri,1977,1670,2445,2079
Brand158.jpg,4000,3000,Bisleri,1231,1624,1918,1924
Brand158.jpg,4000,3000,Bisleri,259,1220,727,1647
Brand158.jpg,4000,3000,Coca-Cola,2004,961,2254,1152
Brand332.jpg,648,1152,Lays,122,527,247,651
Brand123.jpg,4000,3000,Bisleri,1845,1224,2227,1597
Brand123.jpg,4000,3000,Bisleri,1909,1620,2459,2524
Brand121.jpg,4608,3456,Coca-Cola,3335,1172,3450,1530
Brand132.jpg,4608,3456,Bisleri,2256,1746,2971,2878
Brand132.jpg,4608,3456,Bisleri,2335,478,2956,1625
Brand113.jpg,4000,3000,Bisleri,1509,1074,2154,1674
Brand383.jpg,4096,2304,tooyumm,618,540,861,1430
Brand383.jpg,4096,2304,tooyumm,2310,959,2753,1378
Brand383.jpg,4096,2304,tooyumm,3938,97,4096,394
Brand398.jpg,4096,2304,kurkure,1319,854,1610,988
Brand398.jpg,4096,2304,tooyumm,2096,469,2653,745
Brand398.jpg,4096,2304,tooyumm,2077,1011,2686,1297
Brand398.jpg,4096,2304,Lays,3253,1016,3767,1554
Brand023.jpg,4000,2000,kurkure,1631,461,1990,661
Brand023.jpg,4000,2000,kurkure,2609,256,2918,415
Brand199.jpg,4608,3456,Coca-Cola,1635,1530,2045,1904
Brand199.jpg,4608,3456,pepsi,950,888,1235,1135
Brand199.jpg,4608,3456,Lays,293,972,514,1093
Brand199.jpg,4608,3456,kurkure,1614,2030,1724,2214
Brand199.jpg,4608,3456,Bisleri,1,1258,156,1499
Brand199.jpg,4608,3456,Bisleri,1045,2330,1345,2635
Brand199.jpg,4608,3456,tooyumm,2324,1451,2714,1688
Brand399.jpg,4096,2304,tooyumm,2096,1526,2796,1964
Brand399.jpg,4096,2304,kurkure,1177,683,1534,745
Brand399.jpg,4096,2304,tooyumm,1858,30,2305,592
Brand399.jpg,4096,2304,Lays,3067,907,3510,1373
Brand258.jpg,4608,3456,kurkure,3236,2489,4089,3456
Brand116.jpg,4608,3456,Coca-Cola,2756,1256,3108,2025
Brand323.jpg,4608,3456,Coca-Cola,2445,1588,3340,1925
Brand323.jpg,4608,3456,Coca-Cola,1345,704,1761,1004
Brand323.jpg,4608,3456,pepsi,829,2393,1408,2830
Brand323.jpg,4608,3456,pepsi,50,378,519,830
Brand323.jpg,4608,3456,Bisleri,298,1683,656,2178
Brand323.jpg,4608,3456,Bisleri,1514,2256,2250,2572
Brand323.jpg,4608,3456,Bisleri,2098,78,2929,741
